,accuracy,loss,val_acc
0,0.5013786554336548,0.7074612379074097,0.5
1,0.49632352590560913,0.7025898694992065,0.5
2,0.5044423937797546,0.6988917589187622,0.5
3,0.505974292755127,0.6977171301841736,0.5
4,0.5089154243469238,0.6965014934539795,0.5
5,0.5118719339370728,0.6953708529472351,0.5
6,0.511292040348053,0.694816529750824,0.509
7,0.5115464329719543,0.6945489048957825,0.5
8,0.5133782625198364,0.6939793825149536,0.518
9,0.5141544342041016,0.6937342286109924,0.509
10,0.5148729681968689,0.693513035774231,0.514
11,0.5152037143707275,0.6934577822685242,0.516
12,0.5172511339187622,0.6928263306617737,0.497
13,0.5173319578170776,0.6927369236946106,0.497
14,0.5187806487083435,0.6924786567687988,0.502
15,0.5209386348724365,0.6922321319580078,0.504
16,0.5223020911216736,0.6918632984161377,0.497
17,0.5236417651176453,0.6915685534477234,0.509
18,0.5239212512969971,0.6915012001991272,0.504
19,0.5245634317398071,0.6914580464363098,0.509
20,0.5251444578170776,0.6913813352584839,0.507
21,0.5251922011375427,0.6912304759025574,0.51
22,0.5255354642868042,0.6910837292671204,0.504
23,0.5258501768112183,0.6910942792892456,0.507
24,0.5246691107749939,0.6912015080451965,0.514
25,0.524197518825531,0.6912474632263184,0.51
26,0.5250715017318726,0.6911610960960388,0.505
27,0.5250623822212219,0.6911045908927917,0.509
28,0.5260998010635376,0.6909285187721252,0.505
29,0.5266084671020508,0.6908541917800903,0.505
30,0.526906430721283,0.6907321214675903,0.503
31,0.527717113494873,0.690564751625061,0.505
32,0.5282558798789978,0.6904153227806091,0.499
33,0.5287089347839355,0.690421998500824,0.505
34,0.5289653539657593,0.6903084516525269,0.501
35,0.5291053652763367,0.690247654914856,0.504
36,0.5293993353843689,0.6901196837425232,0.498
37,0.5303913354873657,0.6899247169494629,0.508
38,0.5306490659713745,0.6898091435432434,0.507
39,0.5306640863418579,0.6898297071456909,0.498
40,0.5310482382774353,0.6897569298744202,0.504
41,0.5315454602241516,0.6896231174468994,0.504
42,0.5317522883415222,0.6896266937255859,0.497
43,0.5322631001472473,0.6895655393600464,0.495
44,0.5331494808197021,0.6893214583396912,0.494
45,0.5329883098602295,0.6892952919006348,0.503
46,0.5334304571151733,0.6892372965812683,0.498
47,0.5334903597831726,0.6891623139381409,0.5
48,0.5338666439056396,0.6890406608581543,0.515
49,0.5340625047683716,0.6890238523483276,0.498
50,0.53435879945755,0.6889750957489014,0.498
51,0.534546434879303,0.6889495253562927,0.496
52,0.535065233707428,0.6888251900672913,0.486
53,0.535530686378479,0.6887224912643433,0.494
54,0.5359291434288025,0.688670814037323,0.493
55,0.5363379716873169,0.688564121723175,0.497
56,0.536780834197998,0.688452422618866,0.497
57,0.5375649929046631,0.6882504820823669,0.503
58,0.5378629565238953,0.6881720423698425,0.526
59,0.5385263562202454,0.6879580020904541,0.501
60,0.5388213992118835,0.6878814697265625,0.501
61,0.5393145084381104,0.6876842379570007,0.503
62,0.5398941040039062,0.6874503493309021,0.5
63,0.5406494140625,0.6872323155403137,0.537
64,0.5409502387046814,0.6870530247688293,0.54
65,0.5411026477813721,0.6869351267814636,0.521
66,0.5417307019233704,0.6867365837097168,0.507
67,0.5422523617744446,0.6865440011024475,0.528
68,0.5428122282028198,0.6863045692443848,0.501
69,0.5431985259056091,0.6861981153488159,0.502
70,0.5433927178382874,0.6861045956611633,0.516
71,0.5441495776176453,0.6858052015304565,0.538
72,0.5446023941040039,0.685633659362793,0.511
73,0.5453596711158752,0.6853203773498535,0.539
74,0.5458701252937317,0.6850177049636841,0.532
75,0.546336829662323,0.684779942035675,0.523
76,0.5470839142799377,0.6844978928565979,0.523
77,0.5479178428649902,0.6840091943740845,0.54
78,0.5486027002334595,0.6836444735527039,0.509
79,0.5493566393852234,0.6833001375198364,0.522
80,0.5502791404724121,0.6828347444534302,0.532
81,0.5511231422424316,0.6823672652244568,0.537
82,0.5520187616348267,0.6818524599075317,0.518
83,0.5529860258102417,0.6812179684638977,0.556
84,0.5540765523910522,0.6804890632629395,0.569
85,0.5550829172134399,0.6798838376998901,0.514
86,0.5560450553894043,0.6792948246002197,0.537
87,0.5571419596672058,0.6784888505935669,0.535
88,0.5579405426979065,0.6778878569602966,0.574
89,0.5592166781425476,0.6770249605178833,0.552
90,0.5603688359260559,0.6761772036552429,0.538
91,0.5615808963775635,0.6752837300300598,0.549
92,0.5627174377441406,0.6743197441101074,0.551
93,0.5639030933380127,0.6734559535980225,0.553
94,0.5653734803199768,0.6723756194114685,0.582
95,0.5667509436607361,0.6712706089019775,0.588
96,0.5682089328765869,0.6699749231338501,0.584
97,0.569355845451355,0.6689580678939819,0.588
98,0.570632815361023,0.6678038239479065,0.595
99,0.5718198418617249,0.6668326258659363,0.542
100,0.573115348815918,0.6657050848007202,0.557
101,0.5746017098426819,0.6643884181976318,0.565
102,0.5761573910713196,0.663036584854126,0.574
103,0.5775947570800781,0.6617290377616882,0.588
104,0.5791316628456116,0.6602696180343628,0.565
105,0.5807609558105469,0.6586399078369141,0.58
106,0.5823383331298828,0.6571017503738403,0.57
107,0.5839758515357971,0.6554917693138123,0.578
108,0.5854610800743103,0.6539615392684937,0.585
109,0.5870404243469238,0.6523821949958801,0.581
110,0.588752806186676,0.6505763530731201,0.592
111,0.5904510021209717,0.6487302184104919,0.595
112,0.5922574400901794,0.6467983722686768,0.566
113,0.5940362215042114,0.6449072957038879,0.587
114,0.5958000421524048,0.642956554889679,0.601
115,0.5977156758308411,0.640854001045227,0.595
116,0.5995396375656128,0.6387812495231628,0.586
117,0.6012665033340454,0.636814296245575,0.57
118,0.6030068397521973,0.6350619792938232,0.598
119,0.6046721935272217,0.6330205798149109,0.579
120,0.6065112948417664,0.6309242844581604,0.554
121,0.608293890953064,0.6287721991539001,0.591
122,0.6101334691047668,0.6265490651130676,0.607
123,0.6119989156723022,0.6244667172431946,0.598
124,0.6137940883636475,0.6222825646400452,0.568
125,0.615677535533905,0.6200078725814819,0.597
126,0.6175819039344788,0.6175615787506104,0.597
127,0.619452953338623,0.6152795553207397,0.588
128,0.6212130784988403,0.6130777597427368,0.587
129,0.6229991316795349,0.610792875289917,0.573
130,0.6249508857727051,0.6082849502563477,0.59
131,0.6267790794372559,0.6059513092041016,0.603
132,0.6287075877189636,0.6034224033355713,0.57
133,0.630573034286499,0.6011122465133667,0.592
134,0.632335901260376,0.5989137887954712,0.574
135,0.6340864300727844,0.5967392325401306,0.582
136,0.6359220743179321,0.5943750739097595,0.603
137,0.6378143429756165,0.591797947883606,0.597
138,0.639659583568573,0.5892637968063354,0.584
139,0.6415145993232727,0.5867727994918823,0.592
140,0.6432519555091858,0.5844952464103699,0.568
141,0.6450134515762329,0.582098126411438,0.585
142,0.6468178033828735,0.5797082781791687,0.564
143,0.6486672759056091,0.5771852135658264,0.573
144,0.650557816028595,0.5745115280151367,0.586
145,0.6524727940559387,0.5718041658401489,0.54
146,0.6542554497718811,0.569301962852478,0.573
147,0.6560357213020325,0.5667755603790283,0.584
148,0.6578415036201477,0.5642499923706055,0.569
149,0.6596384644508362,0.5616618990898132,0.607
150,0.6614360213279724,0.559074342250824,0.574
151,0.6632159352302551,0.5565860867500305,0.59
152,0.6650086641311646,0.5540887117385864,0.577
153,0.6667333245277405,0.5516268610954285,0.589
154,0.6684653759002686,0.5491307973861694,0.566
155,0.6701398491859436,0.5467225313186646,0.585
156,0.6718047261238098,0.544279932975769,0.555
157,0.6735299825668335,0.541717529296875,0.572
158,0.6751728653907776,0.5393059849739075,0.563
159,0.6768468618392944,0.5367695689201355,0.585
160,0.6785228848457336,0.5342795252799988,0.591
161,0.6801186800003052,0.5319932103157043,0.593
162,0.6818020343780518,0.5295072197914124,0.577
163,0.6834200024604797,0.527144193649292,0.584
164,0.6849988698959351,0.5247029662132263,0.582
165,0.6865504384040833,0.5224425792694092,0.577
166,0.6881301999092102,0.5200689435005188,0.559
167,0.6897403597831726,0.5176546573638916,0.573
168,0.6913096904754639,0.5153132677078247,0.577
169,0.6928930282592773,0.512928307056427,0.583
170,0.6944175958633423,0.5105970501899719,0.57
171,0.6959778070449829,0.5082439184188843,0.585
172,0.6974509358406067,0.5060506463050842,0.592
173,0.6989467144012451,0.5037880539894104,0.6
174,0.7004044055938721,0.5015940070152283,0.58
175,0.7019029855728149,0.49926865100860596,0.599
176,0.7033534646034241,0.49704402685165405,0.59
177,0.7048031687736511,0.4948049783706665,0.578
178,0.7061724662780762,0.49270573258399963,0.59
179,0.7075929045677185,0.49050405621528625,0.571
180,0.7089951634407043,0.4883663058280945,0.587
181,0.7104046940803528,0.48619943857192993,0.57
182,0.7118114233016968,0.4840041697025299,0.577
183,0.7131728529930115,0.4819435179233551,0.557
184,0.7145394682884216,0.47979676723480225,0.594
185,0.7158938050270081,0.4776567816734314,0.561
186,0.7172017693519592,0.47564446926116943,0.574
187,0.7185544371604919,0.47354602813720703,0.576
188,0.719853937625885,0.47150036692619324,0.565
189,0.7211638689041138,0.46949324011802673,0.599
190,0.722460150718689,0.46746230125427246,0.584
191,0.7237357497215271,0.46543386578559875,0.582
192,0.7250314354896545,0.46338939666748047,0.589
193,0.7262995839118958,0.4613671600818634,0.589
194,0.7275806069374084,0.45937204360961914,0.588
195,0.7288321852684021,0.45738086104393005,0.581
196,0.7300383448600769,0.45550984144210815,0.57
197,0.7312091588973999,0.4536801278591156,0.574
198,0.7324028015136719,0.45182010531425476,0.579
199,0.7335454821586609,0.45003530383110046,0.599
200,0.7346974015235901,0.44823047518730164,0.585
201,0.7358560562133789,0.4464115500450134,0.581
202,0.7370214462280273,0.44455498456954956,0.571
203,0.7381821274757385,0.44274091720581055,0.581
204,0.7393314838409424,0.44092029333114624,0.57
205,0.740492045879364,0.43910279870033264,0.577
206,0.7416324615478516,0.4372841417789459,0.574
207,0.7427288293838501,0.43553853034973145,0.599
208,0.7438696026802063,0.4336894452571869,0.578
209,0.7449776530265808,0.43192216753959656,0.575
210,0.7460904717445374,0.43013787269592285,0.581
211,0.7471754550933838,0.4284094274044037,0.601
212,0.748245894908905,0.42672303318977356,0.566
213,0.7493128180503845,0.42500680685043335,0.575
214,0.7503804564476013,0.42326781153678894,0.6
215,0.7513829469680786,0.4216936230659485,0.574
216,0.7523676753044128,0.42012861371040344,0.577
217,0.753383457660675,0.41855737566947937,0.577
218,0.7543983459472656,0.4169004559516907,0.572
219,0.7554269433021545,0.41524454951286316,0.563
220,0.7564525604248047,0.41356536746025085,0.578
221,0.7574647068977356,0.4119208753108978,0.577
222,0.7584616541862488,0.41031989455223083,0.57
223,0.7594250440597534,0.40878093242645264,0.589
224,0.760386049747467,0.4072452783584595,0.587
225,0.7613629102706909,0.4056549668312073,0.575
226,0.7623230814933777,0.4040650427341461,0.572
227,0.7632505893707275,0.40259936451911926,0.593
228,0.7641780972480774,0.40111470222473145,0.575
229,0.7651194930076599,0.3995664417743683,0.584
230,0.7660328149795532,0.3980672061443329,0.588
231,0.7669165134429932,0.3966731131076813,0.613
232,0.7678123712539673,0.39523011445999146,0.593
233,0.7687339186668396,0.39373579621315,0.594
234,0.7696163058280945,0.3923405706882477,0.568
235,0.7704912424087524,0.3909464180469513,0.571
236,0.7713685035705566,0.38952410221099854,0.566
237,0.7722557783126831,0.3881109058856964,0.572
238,0.7731221318244934,0.3867162764072418,0.577
239,0.7739851474761963,0.385304719209671,0.59
240,0.7748638391494751,0.38387617468833923,0.59
241,0.7757068276405334,0.382517009973526,0.591
242,0.77651447057724,0.3812166750431061,0.598
243,0.7773362398147583,0.3798747956752777,0.586
244,0.7781718969345093,0.37851905822753906,0.587
245,0.7790063619613647,0.37717142701148987,0.597
246,0.7798136472702026,0.3758527636528015,0.596
247,0.7806310653686523,0.3745020031929016,0.594
248,0.7814714908599854,0.37313416600227356,0.592
249,0.7822610139846802,0.3718498647212982,0.583
250,0.7830644249916077,0.3705257773399353,0.577
251,0.7838559746742249,0.3692399263381958,0.569
252,0.7846521735191345,0.3679348826408386,0.591
253,0.7854258418083191,0.3666524887084961,0.574
254,0.7861970067024231,0.3653959333896637,0.586
255,0.7869711518287659,0.3641071915626526,0.582
256,0.7877482175827026,0.3628517687320709,0.588
257,0.788512110710144,0.36159375309944153,0.596
258,0.7892647981643677,0.3603726327419281,0.572
259,0.7900010347366333,0.3591409921646118,0.57
260,0.7907317280769348,0.3579472005367279,0.594
261,0.7914708256721497,0.3567315638065338,0.568
262,0.7921990156173706,0.3555421233177185,0.572
263,0.7929199934005737,0.3543526232242584,0.594
264,0.7936251163482666,0.3532531261444092,0.592
265,0.7943474054336548,0.35206377506256104,0.579
266,0.7950539588928223,0.35088616609573364,0.565
267,0.7957672476768494,0.3497093915939331,0.58
268,0.7964649796485901,0.34855973720550537,0.586
269,0.7971268892288208,0.3474906384944916,0.578
270,0.7978161573410034,0.34634530544281006,0.565
271,0.7985088229179382,0.34520870447158813,0.59
272,0.7991997003555298,0.34407058358192444,0.604
273,0.799870491027832,0.3429712951183319,0.584
274,0.8005414605140686,0.34183821082115173,0.592
275,0.80121248960495,0.3407351076602936,0.577
276,0.8018770813941956,0.33963248133659363,0.567
277,0.8025368452072144,0.33856895565986633,0.57
278,0.8031770586967468,0.3374941349029541,0.559
279,0.8038225173950195,0.3364534378051758,0.585
280,0.8044585585594177,0.3354005515575409,0.562
281,0.8050753474235535,0.3343872129917145,0.562
282,0.8057056665420532,0.3333558440208435,0.594
283,0.8063299655914307,0.33231204748153687,0.611
284,0.8069320917129517,0.33133170008659363,0.563
285,0.8075557351112366,0.3303425908088684,0.608
286,0.8081510066986084,0.32936397194862366,0.606
287,0.8087453246116638,0.3283993601799011,0.61
288,0.8093641996383667,0.3273729085922241,0.591
289,0.8099644780158997,0.326369047164917,0.58
290,0.8105654120445251,0.32537662982940674,0.594
291,0.8111528158187866,0.324421763420105,0.578
292,0.8117659687995911,0.3233868181705475,0.592
293,0.8123577833175659,0.3224070966243744,0.599
294,0.8129439949989319,0.32144781947135925,0.581
295,0.8135169148445129,0.3205310106277466,0.591
296,0.8140937685966492,0.31958019733428955,0.572
297,0.8146713376045227,0.31862232089042664,0.59
298,0.8152496814727783,0.31766289472579956,0.602
299,0.8158149719238281,0.3167414367198944,0.578
300,0.8163779973983765,0.3158237040042877,0.604
301,0.8169388771057129,0.31487733125686646,0.588
302,0.817514181137085,0.3139314651489258,0.586
303,0.8180721402168274,0.31299835443496704,0.606
304,0.8186324834823608,0.3120669424533844,0.59
305,0.8191981315612793,0.31111764907836914,0.567
306,0.8197556138038635,0.31018027663230896,0.598
307,0.8203110098838806,0.3092435896396637,0.584
308,0.8208374977111816,0.30837199091911316,0.59
309,0.8213605880737305,0.3074879050254822,0.591
310,0.8218951225280762,0.30661046504974365,0.587
311,0.822439432144165,0.305721640586853,0.58
312,0.8229656219482422,0.30484646558761597,0.586
313,0.8234943151473999,0.30397507548332214,0.587
314,0.8240094184875488,0.30311617255210876,0.565
315,0.8245299458503723,0.30224883556365967,0.578
316,0.8250458240509033,0.30138105154037476,0.61
317,0.8255482912063599,0.30053696036338806,0.592
318,0.8260533809661865,0.2996830642223358,0.589
319,0.8265524506568909,0.2988426387310028,0.608
320,0.8270598649978638,0.29798993468284607,0.582
321,0.8275455832481384,0.2971732020378113,0.585
322,0.8280324935913086,0.29636797308921814,0.579
323,0.8285136222839355,0.2955830991268158,0.57
324,0.8290073275566101,0.29475679993629456,0.597
325,0.8294923901557922,0.29395657777786255,0.593
326,0.8299759030342102,0.2931494116783142,0.605
327,0.8304550051689148,0.29234039783477783,0.563
328,0.8309396505355835,0.2915293872356415,0.592
329,0.8314198851585388,0.2907264530658722,0.587
330,0.8318930864334106,0.2899281680583954,0.598
331,0.8323593139648438,0.28914913535118103,0.571
332,0.8328309655189514,0.2883557081222534,0.615
333,0.8332929611206055,0.2875862419605255,0.585
334,0.8337549567222595,0.2868122160434723,0.597
335,0.83420729637146,0.2860772907733917,0.594
336,0.8346651792526245,0.2853100895881653,0.577
337,0.8351135849952698,0.2845666706562042,0.586
338,0.8355768918991089,0.28378787636756897,0.595
339,0.8360280394554138,0.2830357551574707,0.577
340,0.8364711999893188,0.28228503465652466,0.598
341,0.8369130492210388,0.28156372904777527,0.586
342,0.8373523354530334,0.280817449092865,0.577
343,0.8377850651741028,0.28009551763534546,0.584
344,0.8381926417350769,0.2794051766395569,0.56
345,0.8386191725730896,0.27870142459869385,0.586
346,0.839048445224762,0.2779846489429474,0.594
347,0.8394766449928284,0.2772780656814575,0.609
348,0.8399062752723694,0.2765728831291199,0.594
349,0.8403282761573792,0.2758581042289734,0.588
350,0.840743899345398,0.27517667412757874,0.579
351,0.8411584496498108,0.2744888365268707,0.6
352,0.841579794883728,0.27378612756729126,0.581
353,0.8419805765151978,0.2731000781059265,0.584
354,0.8423920273780823,0.2724077105522156,0.571
355,0.8427908420562744,0.27174434065818787,0.562
356,0.843197762966156,0.2710782587528229,0.572
357,0.8435972332954407,0.2704114615917206,0.56
358,0.8440021872520447,0.2697277069091797,0.59
359,0.8443921208381653,0.26906704902648926,0.584
360,0.844797670841217,0.2684006989002228,0.587
361,0.8451959490776062,0.26773592829704285,0.601
362,0.8455920219421387,0.26707133650779724,0.592
363,0.8459884524345398,0.26639801263809204,0.571
364,0.8463826775550842,0.26571905612945557,0.598
365,0.8467760682106018,0.265055775642395,0.586
366,0.8471484780311584,0.26442402601242065,0.607
367,0.8475388884544373,0.263771653175354,0.575
368,0.8479121923446655,0.26315611600875854,0.59
369,0.8482847213745117,0.2625255882740021,0.603
370,0.84865403175354,0.2619062662124634,0.596
371,0.8490386605262756,0.2612716257572174,0.578
372,0.8494186997413635,0.2606271505355835,0.591
373,0.8497918248176575,0.2599855065345764,0.592
374,0.8501715660095215,0.2593477964401245,0.59
375,0.8505431413650513,0.25872448086738586,0.574
376,0.8509066700935364,0.2581007778644562,0.592
377,0.8512780070304871,0.2574741840362549,0.579
378,0.8516280055046082,0.2568815052509308,0.584
379,0.85198575258255,0.25627705454826355,0.593
380,0.8523465394973755,0.2556609809398651,0.586
381,0.8527066111564636,0.25504398345947266,0.593
382,0.853064775466919,0.254451185464859,0.585
383,0.8534210920333862,0.25385814905166626,0.567
384,0.8537696003913879,0.25328096747398376,0.597
385,0.8541246056556702,0.2526709735393524,0.58
386,0.8544766306877136,0.2520872950553894,0.583
387,0.854809045791626,0.2515088617801666,0.576
388,0.8551586270332336,0.25091686844825745,0.565
389,0.8554993867874146,0.25035232305526733,0.559
390,0.8558395504951477,0.24978266656398773,0.576
391,0.8561838865280151,0.249221071600914,0.552
392,0.8565194010734558,0.2486659735441208,0.584
393,0.856855571269989,0.2480912208557129,0.567
394,0.8571923971176147,0.24751199781894684,0.581
395,0.8575239777565002,0.2469533234834671,0.574
396,0.8578527569770813,0.24640913307666779,0.556
397,0.8581741452217102,0.24586914479732513,0.562
398,0.8584904074668884,0.24533678591251373,0.575
399,0.8588246703147888,0.24476246535778046,0.57
400,0.8591515421867371,0.24422405660152435,0.579
401,0.8594778776168823,0.2436617910861969,0.583
402,0.8598014712333679,0.24310390651226044,0.586
403,0.8601177930831909,0.24256424605846405,0.582
404,0.8604416251182556,0.24201464653015137,0.566
405,0.8607536554336548,0.2414812296628952,0.574
406,0.8610743284225464,0.24094921350479126,0.57
407,0.8613889217376709,0.2404036670923233,0.571
408,0.8616930246353149,0.23988160490989685,0.583
409,0.8620101809501648,0.23934820294380188,0.588
410,0.8623135089874268,0.23883342742919922,0.581
411,0.8626142144203186,0.23832306265830994,0.59
412,0.8629246354103088,0.2377949208021164,0.588
413,0.8632401823997498,0.23725858330726624,0.587
414,0.8635509014129639,0.2367352843284607,0.584
415,0.8638545870780945,0.236223965883255,0.595
416,0.8641568422317505,0.2357109785079956,0.594
417,0.8644598126411438,0.23520202934741974,0.575
418,0.8647613525390625,0.23469167947769165,0.583
419,0.865058183670044,0.23418420553207397,0.588
420,0.8653612732887268,0.2336648553609848,0.591
421,0.8656574487686157,0.23316217958927155,0.586
422,0.8659500479698181,0.23265910148620605,0.585
423,0.8662369251251221,0.23217126727104187,0.564
424,0.866521418094635,0.2316882312297821,0.601
425,0.8668099045753479,0.23119474947452545,0.571
426,0.8670949339866638,0.2307130992412567,0.575
427,0.867394745349884,0.23020073771476746,0.585
428,0.8676823973655701,0.229714497923851,0.603
429,0.867969810962677,0.22922520339488983,0.591
430,0.8682484030723572,0.22874434292316437,0.587
431,0.8685289621353149,0.22824952006340027,0.599
432,0.8688187599182129,0.22775766253471375,0.6
433,0.8691020011901855,0.22727176547050476,0.6
434,0.8693817853927612,0.22679726779460907,0.585
435,0.8696528673171997,0.22633115947246552,0.584
436,0.869936466217041,0.22585196793079376,0.568
437,0.8701956272125244,0.22541718184947968,0.597
438,0.8704714179039001,0.22494710981845856,0.588
439,0.8707480430603027,0.22446608543395996,0.594
440,0.8710171580314636,0.22400584816932678,0.604
441,0.8712860941886902,0.2235538810491562,0.566
442,0.8715579509735107,0.2230895459651947,0.557
443,0.871821403503418,0.22263577580451965,0.576
444,0.8720929026603699,0.22217464447021484,0.568
445,0.8723611235618591,0.2217128425836563,0.573
446,0.8726179003715515,0.22127149999141693,0.574
447,0.872871458530426,0.2208501696586609,0.591
448,0.8731310367584229,0.2204189896583557,0.59
449,0.8733925819396973,0.219965398311615,0.573
450,0.8736406564712524,0.21952515840530396,0.561
451,0.8738867044448853,0.2190994918346405,0.556
452,0.8741376996040344,0.21867027878761292,0.608
453,0.8743956685066223,0.21823692321777344,0.605
454,0.8746464848518372,0.21780915558338165,0.602
455,0.874890148639679,0.21741832792758942,0.573
456,0.8751367330551147,0.21701285243034363,0.572
457,0.8753843307495117,0.2165917307138443,0.591
458,0.8756257891654968,0.21618641912937164,0.558
459,0.875879168510437,0.21574953198432922,0.581
460,0.8761324286460876,0.215312659740448,0.589
461,0.8763836622238159,0.21488671004772186,0.603
462,0.8766307830810547,0.21447494626045227,0.581
463,0.8768798112869263,0.21404927968978882,0.568
464,0.8771228790283203,0.21363817155361176,0.571
465,0.8773629069328308,0.21323291957378387,0.601
466,0.8776018619537354,0.21281902492046356,0.586
467,0.8778516054153442,0.21240544319152832,0.589
468,0.8780993223190308,0.211995929479599,0.594
469,0.8783450126647949,0.21157608926296234,0.605
470,0.8785896301269531,0.21115396916866302,0.593
471,0.8788225054740906,0.21075530350208282,0.594
472,0.8790592551231384,0.2103586345911026,0.619
473,0.8792911767959595,0.20996534824371338,0.607
474,0.8795201182365417,0.20957984030246735,0.601
475,0.879744291305542,0.20921188592910767,0.566
476,0.8799771070480347,0.20881320536136627,0.596
477,0.8802003264427185,0.20844535529613495,0.599
478,0.8804370164871216,0.20805366337299347,0.606
479,0.8806630969047546,0.20766513049602509,0.596
480,0.8808920979499817,0.20727136731147766,0.596
481,0.8811230063438416,0.20687371492385864,0.597
482,0.8813520073890686,0.20648711919784546,0.577
483,0.8815838694572449,0.2060907632112503,0.585
484,0.8818119168281555,0.20569349825382233,0.598
485,0.8820371031761169,0.2053034007549286,0.595
486,0.8822595477104187,0.2049228847026825,0.6
487,0.8824791312217712,0.20455951988697052,0.596
488,0.8826950192451477,0.20418335497379303,0.605
489,0.882919430732727,0.20379848778247833,0.61
490,0.8831419348716736,0.2034137099981308,0.606
491,0.8833673596382141,0.2030389904975891,0.603
492,0.883588969707489,0.20266041159629822,0.604
493,0.8838032484054565,0.20228596031665802,0.595
494,0.8840194344520569,0.20192338526248932,0.589
495,0.8842412233352661,0.20154622197151184,0.586
496,0.8844565749168396,0.20117419958114624,0.602
497,0.8846617937088013,0.20082437992095947,0.576
498,0.8848745226860046,0.20046979188919067,0.618
499,0.8850836157798767,0.20010513067245483,0.596
500,0.8852900862693787,0.19976000487804413,0.599
501,0.8854929804801941,0.19941137731075287,0.598
502,0.8857032656669617,0.19904810190200806,0.594
503,0.8859154582023621,0.19868487119674683,0.601
504,0.8861249685287476,0.19832414388656616,0.598
505,0.8863354921340942,0.1979716420173645,0.6
506,0.8865460753440857,0.19760924577713013,0.594
507,0.8867531418800354,0.19724920392036438,0.572
508,0.886955738067627,0.19689816236495972,0.582
509,0.8871638774871826,0.1965562403202057,0.582
510,0.8873685002326965,0.19620254635810852,0.572
511,0.8875678777694702,0.19585923850536346,0.593
512,0.887776255607605,0.19550484418869019,0.598
513,0.887975811958313,0.1951623409986496,0.597
514,0.8881781697273254,0.19481484591960907,0.585
515,0.888384222984314,0.1944645345211029,0.595
516,0.8885831832885742,0.19411751627922058,0.583
517,0.8887832164764404,0.19377081096172333,0.578
518,0.8889691829681396,0.19345378875732422,0.582
519,0.8891623616218567,0.19314391911029816,0.586
520,0.8893548250198364,0.19280937314033508,0.588
521,0.8895544409751892,0.19246825575828552,0.593
522,0.8897489309310913,0.19213873147964478,0.603
523,0.8899479508399963,0.19180849194526672,0.593
524,0.8901479244232178,0.19146867096424103,0.603
525,0.8903366923332214,0.1911410540342331,0.603
526,0.8905273079872131,0.1908135712146759,0.573
527,0.8907129168510437,0.19049149751663208,0.577
528,0.8908995389938354,0.19017530977725983,0.588
529,0.8910914659500122,0.18984657526016235,0.586
530,0.8912827372550964,0.18952222168445587,0.55
531,0.8914654850959778,0.18921451270580292,0.565
532,0.8916493058204651,0.18890805542469025,0.583
533,0.8918349742889404,0.1885901242494583,0.577
534,0.8920225501060486,0.1882668435573578,0.566
535,0.8922017216682434,0.18795889616012573,0.58
536,0.8923853635787964,0.18763467669487,0.58
537,0.8925691843032837,0.18732118606567383,0.6
538,0.8927513957023621,0.1870216578245163,0.586
539,0.8929406404495239,0.18669702112674713,0.591
540,0.8931224346160889,0.1863793432712555,0.575
541,0.8933001160621643,0.1860620379447937,0.596
542,0.8934771418571472,0.1857493668794632,0.591
543,0.8936543464660645,0.18544402718544006,0.561
544,0.8938343524932861,0.18513044714927673,0.574
545,0.8940144777297974,0.18482452630996704,0.585
546,0.8941972851753235,0.18451401591300964,0.581
547,0.8943786025047302,0.18420468270778656,0.612
548,0.894555926322937,0.1839008778333664,0.577
549,0.8947317600250244,0.18359366059303284,0.581
550,0.8949036598205566,0.18329715728759766,0.583
551,0.8950698971748352,0.18301300704479218,0.582
552,0.8952471613883972,0.18271346390247345,0.589
553,0.8954246640205383,0.18241123855113983,0.599
554,0.8955981731414795,0.18211480975151062,0.574
555,0.8957660794258118,0.1818244904279709,0.593
556,0.8959375619888306,0.1815337836742401,0.604
557,0.8961067795753479,0.18124812841415405,0.577
558,0.8962753415107727,0.18095619976520538,0.574
559,0.8964466452598572,0.18066832423210144,0.573
560,0.8966172933578491,0.18037965893745422,0.586
561,0.896790623664856,0.18008103966712952,0.599
562,0.896965742111206,0.17978370189666748,0.582
563,0.8971272706985474,0.17950956523418427,0.591
564,0.8972963094711304,0.17921938002109528,0.579
565,0.8974688649177551,0.17892320454120636,0.581
566,0.8976351022720337,0.17864000797271729,0.576
567,0.8977999687194824,0.17835310101509094,0.589
568,0.8979650139808655,0.17807450890541077,0.591
569,0.8981286883354187,0.1777913123369217,0.602
570,0.8982877731323242,0.17751270532608032,0.585
571,0.8984471559524536,0.17723384499549866,0.59
572,0.8986083269119263,0.17695604264736176,0.588
573,0.8987633585929871,0.176682710647583,0.578
574,0.8989306092262268,0.17639724910259247,0.571
575,0.8990949392318726,0.17611150443553925,0.577
576,0.8992578387260437,0.17583316564559937,0.588
577,0.8994186520576477,0.1755504012107849,0.597
578,0.899574875831604,0.17529010772705078,0.605
579,0.8997282385826111,0.1750255525112152,0.577
580,0.8998857736587524,0.17476361989974976,0.578
581,0.9000396132469177,0.1745080053806305,0.589
582,0.9001929759979248,0.1742468774318695,0.578
583,0.9003520607948303,0.17397341132164001,0.583
584,0.900514543056488,0.17370200157165527,0.588
585,0.9006693959236145,0.17343103885650635,0.597
586,0.9008292555809021,0.17315517365932465,0.593
587,0.9009767770767212,0.17289410531520844,0.595
588,0.9011347889900208,0.17262449860572815,0.585
589,0.9012906551361084,0.1723605841398239,0.578
590,0.9014436602592468,0.17209413647651672,0.593
591,0.9015923142433167,0.17184025049209595,0.611
592,0.9017520546913147,0.17157278954982758,0.602
593,0.9019004106521606,0.17131713032722473,0.597
594,0.9020513892173767,0.17105938494205475,0.572
595,0.9022034406661987,0.17079797387123108,0.585
596,0.9023510813713074,0.17054128646850586,0.593
597,0.9025043845176697,0.17027908563613892,0.596
598,0.9026525616645813,0.17001992464065552,0.59
599,0.9027994871139526,0.16976122558116913,0.576
600,0.9029512405395508,0.16950193047523499,0.576
601,0.9030972123146057,0.16924813389778137,0.594
602,0.9032434225082397,0.16899722814559937,0.591
603,0.9033883810043335,0.1687518209218979,0.605
604,0.9035329222679138,0.16849352419376373,0.593
605,0.9036822319030762,0.1682342141866684,0.599
606,0.9038280248641968,0.16797657310962677,0.58
607,0.9039703607559204,0.1677304208278656,0.579
608,0.9041152000427246,0.16747671365737915,0.574
609,0.9042633771896362,0.16721992194652557,0.587
610,0.9044049978256226,0.1669703722000122,0.59
611,0.9045484066009521,0.16672666370868683,0.578
612,0.9046981334686279,0.1664685159921646,0.582
613,0.9048398733139038,0.1662209928035736,0.584
614,0.904984176158905,0.1659715175628662,0.595
615,0.9051212668418884,0.16573363542556763,0.598
616,0.9052661061286926,0.16548818349838257,0.564
617,0.9054082036018372,0.16524460911750793,0.584
618,0.905541718006134,0.16501322388648987,0.555
619,0.9056851863861084,0.16476890444755554,0.572
620,0.9058222770690918,0.16453422605991364,0.59
621,0.9059618711471558,0.1642937958240509,0.579
622,0.9061009883880615,0.16406092047691345,0.584
623,0.9062418937683105,0.16381707787513733,0.579
624,0.9063816070556641,0.16357260942459106,0.589
625,0.9065194129943848,0.16334006190299988,0.587
626,0.9066545963287354,0.16310903429985046,0.585
627,0.906784176826477,0.1628851443529129,0.592
628,0.9069192409515381,0.16265922784805298,0.567
629,0.9070523977279663,0.16242709755897522,0.604
630,0.9071865677833557,0.16219863295555115,0.582
631,0.9073203802108765,0.16196776926517487,0.588
632,0.9074551463127136,0.1617344319820404,0.588
633,0.9075931310653687,0.1615007221698761,0.581
634,0.9077285528182983,0.16126075387001038,0.565
635,0.9078606367111206,0.1610289216041565,0.584
636,0.907993733882904,0.16079646348953247,0.576
637,0.9081299901008606,0.16056279838085175,0.587
638,0.9082666039466858,0.16033905744552612,0.588
639,0.9083955883979797,0.1601221263408661,0.586
640,0.9085263013839722,0.15989461541175842,0.577
641,0.9086551666259766,0.1596701443195343,0.565
642,0.9087793827056885,0.15946100652217865,0.602
643,0.9089060425758362,0.15924902260303497,0.596
644,0.9090351462364197,0.1590339094400406,0.594
645,0.9091617465019226,0.15881240367889404,0.58
646,0.9092921614646912,0.15859541296958923,0.584
647,0.9094201326370239,0.15837347507476807,0.589
648,0.9095476269721985,0.1581474244594574,0.586
649,0.9096797108650208,0.1579192578792572,0.588
650,0.9098021984100342,0.1576947122812271,0.594
651,0.9099307060241699,0.1574811041355133,0.589
652,0.9100587964057922,0.1572595238685608,0.603
653,0.910184383392334,0.15704090893268585,0.6
654,0.9103102684020996,0.15682464838027954,0.591
655,0.9104315638542175,0.15661393105983734,0.586
656,0.9105532169342041,0.15639661252498627,0.582
657,0.9106758832931519,0.15618039667606354,0.594
658,0.9107967615127563,0.15596991777420044,0.584
659,0.9109187126159668,0.15576040744781494,0.594
660,0.9110478758811951,0.15553785860538483,0.596
661,0.9111697673797607,0.1553228497505188,0.569
662,0.9112940430641174,0.1551082581281662,0.581
663,0.9114221334457397,0.15488816797733307,0.582
664,0.9115504622459412,0.1546686291694641,0.596
665,0.9116715788841248,0.15446870028972626,0.59
666,0.9117936491966248,0.15426114201545715,0.586
667,0.9119153618812561,0.15404850244522095,0.58
668,0.9120319485664368,0.15384256839752197,0.59
669,0.9121543169021606,0.15363645553588867,0.562
670,0.9122763276100159,0.1534251570701599,0.571
671,0.9123952388763428,0.15321804583072662,0.582
672,0.9125171899795532,0.15300574898719788,0.565
673,0.9126347303390503,0.15280163288116455,0.568
674,0.9127532839775085,0.1525927633047104,0.595
675,0.9128701090812683,0.1523922234773636,0.574
676,0.9129879474639893,0.15218573808670044,0.577
677,0.9131020307540894,0.15198417007923126,0.595
678,0.913223922252655,0.15177294611930847,0.598
679,0.9133468270301819,0.15156418085098267,0.593
680,0.9134646058082581,0.15135915577411652,0.606
681,0.913580060005188,0.15116149187088013,0.586
682,0.913694441318512,0.15096229314804077,0.584
683,0.9138132333755493,0.15076015889644623,0.596
684,0.9139289855957031,0.15055623650550842,0.601
685,0.9140477776527405,0.150348961353302,0.613
686,0.9141662120819092,0.15014295279979706,0.598
687,0.9142782688140869,0.14995203912258148,0.568
688,0.9143880009651184,0.14976125955581665,0.572
689,0.9145073890686035,0.14955542981624603,0.572
690,0.9146191477775574,0.1493622362613678,0.594
691,0.9147325754165649,0.14916382730007172,0.589
692,0.9148456454277039,0.14896444976329803,0.585
693,0.9149584174156189,0.14876936376094818,0.585
694,0.9150649309158325,0.1485801786184311,0.565
695,0.9151763916015625,0.1483892947435379,0.571
696,0.915284276008606,0.1482021063566208,0.592
697,0.9153963923454285,0.1480099856853485,0.554
698,0.9155029654502869,0.14782941341400146,0.584
699,0.9156079292297363,0.1476542204618454,0.579
700,0.9157171845436096,0.1474684178829193,0.581
701,0.9158241152763367,0.14728404581546783,0.579
702,0.9159314632415771,0.14709551632404327,0.575
703,0.9160404205322266,0.14691270887851715,0.576
704,0.9161438941955566,0.14672647416591644,0.59
705,0.9162529110908508,0.1465444564819336,0.584
706,0.916363537311554,0.14635354280471802,0.586
707,0.9164726138114929,0.14617308974266052,0.595
708,0.9165722727775574,0.14600126445293427,0.598
709,0.9166741967201233,0.1458224654197693,0.613
710,0.9167830348014832,0.14563973248004913,0.587
711,0.9168824553489685,0.14547516405582428,0.588
712,0.9169848561286926,0.145298570394516,0.593
713,0.9170888662338257,0.14511637389659882,0.583
714,0.9171913862228394,0.1449383795261383,0.591
715,0.9173005819320679,0.14475418627262115,0.582
716,0.9174075722694397,0.14456972479820251,0.589
717,0.917510449886322,0.1443910300731659,0.555
718,0.9176181554794312,0.14420603215694427,0.571
719,0.9177204370498657,0.1440325379371643,0.599
720,0.917824387550354,0.1438530832529068,0.578
721,0.9179311990737915,0.14366938173770905,0.585
722,0.9180396199226379,0.14348572492599487,0.599
723,0.9181433320045471,0.1433034986257553,0.588
724,0.9182454347610474,0.14312539994716644,0.582
725,0.9183517098426819,0.14294537901878357,0.574
726,0.9184482097625732,0.14277489483356476,0.595
727,0.9185476303100586,0.14260777831077576,0.588
728,0.9186517596244812,0.1424311101436615,0.581
729,0.9187556505203247,0.1422526240348816,0.581
730,0.9188567399978638,0.14208044111728668,0.572
731,0.9189594388008118,0.14190642535686493,0.577
732,0.9190593361854553,0.14172716438770294,0.587
733,0.9191589951515198,0.14155061542987823,0.587
734,0.9192564487457275,0.1413801610469818,0.593
735,0.919357419013977,0.14120358228683472,0.593
736,0.9194599986076355,0.14102624356746674,0.59
737,0.9195647239685059,0.1408480703830719,0.582
738,0.9196642637252808,0.14068199694156647,0.579
739,0.9197635054588318,0.14050893485546112,0.584
740,0.9198643565177917,0.140333890914917,0.6
741,0.919962465763092,0.1401602178812027,0.586
742,0.9200621247291565,0.13998796045780182,0.589
743,0.9201602935791016,0.13981613516807556,0.591
744,0.9202600717544556,0.13964904844760895,0.597
745,0.9203620553016663,0.13947232067584991,0.597
746,0.9204630851745605,0.1392969787120819,0.592
747,0.9205589890480042,0.13912729918956757,0.583
748,0.9206582903862,0.13895641267299652,0.583
749,0.9207549095153809,0.13878925144672394,0.597
750,0.9208555221557617,0.138616144657135,0.596
751,0.9209534525871277,0.1384468525648117,0.587
752,0.9210510849952698,0.13827604055404663,0.585
753,0.9211472868919373,0.1381082385778427,0.59
754,0.9212468266487122,0.13793714344501495,0.6
755,0.9213424921035767,0.13777253031730652,0.599
756,0.9214336276054382,0.13761162757873535,0.572
757,0.921525776386261,0.1374487280845642,0.593
758,0.9216200709342957,0.13728849589824677,0.604
759,0.9217147827148438,0.1371270716190338,0.609
760,0.9218079447746277,0.13696248829364777,0.593
761,0.921901524066925,0.1367996335029602,0.601
762,0.9219924211502075,0.13664129376411438,0.59
763,0.9220849275588989,0.13648304343223572,0.592
764,0.9221789836883545,0.13631995022296906,0.588
765,0.9222709536552429,0.13617092370986938,0.599
766,0.9223657250404358,0.13601012527942657,0.585
767,0.9224578142166138,0.1358480155467987,0.594
768,0.9225472807884216,0.13568706810474396,0.572
769,0.9226389527320862,0.13552822172641754,0.597
770,0.9227344989776611,0.1353643387556076,0.588
771,0.9228227138519287,0.1352105736732483,0.583
772,0.9229171872138977,0.1350511759519577,0.588
773,0.9230108261108398,0.13488806784152985,0.59
774,0.9231030344963074,0.13473232090473175,0.589
775,0.9231956601142883,0.13457725942134857,0.568
776,0.9232879877090454,0.13441966474056244,0.561
777,0.9233723878860474,0.13427191972732544,0.574
778,0.9234631061553955,0.13411177694797516,0.583
779,0.9235529899597168,0.13395723700523376,0.585
780,0.9236414432525635,0.13379859924316406,0.594
781,0.9237302541732788,0.13364718854427338,0.594
782,0.9238182902336121,0.13349230587482452,0.586
783,0.923906683921814,0.1333359181880951,0.597
784,0.923994243144989,0.13318656384944916,0.595
785,0.9240821599960327,0.13303294777870178,0.595
786,0.9241687059402466,0.13288506865501404,0.603
787,0.9242556095123291,0.13273471593856812,0.605
788,0.924343466758728,0.1325797736644745,0.597
789,0.9244316816329956,0.13242851197719574,0.587
790,0.9245219826698303,0.13227155804634094,0.606
791,0.9246103167533875,0.13211709260940552,0.59
792,0.9246990084648132,0.13196447491645813,0.575
793,0.9247868657112122,0.13181130588054657,0.586
794,0.9248693585395813,0.13166730105876923,0.594
795,0.9249545335769653,0.131514772772789,0.591
796,0.9250359535217285,0.13137154281139374,0.583
797,0.9251178503036499,0.1312255710363388,0.576
798,0.9252046346664429,0.1310785561800003,0.563
799,0.9252866506576538,0.13093160092830658,0.584
800,0.9253747463226318,0.13078293204307556,0.58
801,0.9254598021507263,0.13063447177410126,0.565
802,0.9255411624908447,0.13049274682998657,0.568
803,0.9256297945976257,0.13033992052078247,0.558
804,0.9257164597511292,0.13019031286239624,0.57
805,0.9258012175559998,0.13003897666931152,0.558
806,0.9258880019187927,0.12988878786563873,0.569
807,0.9259729385375977,0.129742830991745,0.576
808,0.926056444644928,0.12959589064121246,0.579
809,0.9261420965194702,0.1294439285993576,0.579
810,0.9262280464172363,0.12929528951644897,0.581
811,0.9263098835945129,0.12915189564228058,0.574
812,0.9263886213302612,0.12901408970355988,0.585
813,0.9264723062515259,0.12887653708457947,0.583
814,0.9265528917312622,0.12873071432113647,0.573
815,0.9266367554664612,0.12859170138835907,0.572
816,0.9267231225967407,0.12844200432300568,0.573
817,0.926807701587677,0.1282939314842224,0.593
818,0.926888644695282,0.12815332412719727,0.563
819,0.9269699454307556,0.12801194190979004,0.567
820,0.927046000957489,0.12787765264511108,0.563
821,0.9271291494369507,0.12773391604423523,0.579
822,0.927212119102478,0.1275901347398758,0.566
823,0.9272887706756592,0.12746672332286835,0.592
824,0.9273679852485657,0.12733876705169678,0.592
825,0.9274464845657349,0.12721094489097595,0.586
826,0.9275258779525757,0.1270771622657776,0.564
827,0.9276067018508911,0.12693695724010468,0.585
828,0.9276852011680603,0.1267995983362198,0.569
829,0.9277612566947937,0.12666825950145721,0.593
830,0.9278393387794495,0.12652908265590668,0.568
831,0.9279199838638306,0.12639042735099792,0.594
832,0.9279954433441162,0.12625521421432495,0.589
833,0.9280707836151123,0.12612873315811157,0.597
834,0.9281453490257263,0.12599578499794006,0.586
835,0.9282219409942627,0.12586379051208496,0.57
836,0.9283016920089722,0.12572640180587769,0.579
837,0.9283784627914429,0.12560097873210907,0.585
838,0.9284545183181763,0.12546710669994354,0.588
839,0.928533136844635,0.12533141672611237,0.593
840,0.9286104440689087,0.12519408762454987,0.612
841,0.9286914467811584,0.1250554472208023,0.6
842,0.9287672638893127,0.12492460757493973,0.608
843,0.9288386106491089,0.12479934096336365,0.584
844,0.9289179444313049,0.1246609166264534,0.612
845,0.9289954304695129,0.12452877312898636,0.592
846,0.9290695190429688,0.1244017481803894,0.582
847,0.9291471838951111,0.12426608800888062,0.582
848,0.9292241334915161,0.1241312175989151,0.58
849,0.929296612739563,0.12400198727846146,0.576
850,0.9293715953826904,0.12387622892856598,0.593
851,0.9294431805610657,0.12374849617481232,0.596
852,0.9295194149017334,0.12361470609903336,0.593
853,0.9295927882194519,0.12348483502864838,0.583
854,0.9296654462814331,0.12335728108882904,0.586
855,0.9297433495521545,0.12322840839624405,0.592
856,0.9298199415206909,0.12309317290782928,0.582
857,0.9298964142799377,0.1229599118232727,0.58
858,0.9299726486206055,0.12282796949148178,0.592
859,0.9300460815429688,0.12269873172044754,0.584
860,0.9301192760467529,0.12256971001625061,0.59
861,0.9301908016204834,0.12244334816932678,0.561
862,0.9302583336830139,0.1223255842924118,0.559
863,0.9303305745124817,0.12219920009374619,0.564
864,0.9304031133651733,0.12207397818565369,0.597
865,0.9304739236831665,0.12194765359163284,0.598
866,0.9305440783500671,0.12182562798261642,0.579
867,0.9306150674819946,0.12169795483350754,0.582
868,0.9306896328926086,0.12156564742326736,0.585
869,0.9307629466056824,0.1214405745267868,0.577
870,0.9308345317840576,0.12131281197071075,0.589
871,0.9309059381484985,0.12118814140558243,0.586
872,0.9309766888618469,0.12107036262750626,0.573
873,0.931046187877655,0.12095426768064499,0.569
874,0.9311144948005676,0.12083618342876434,0.594
875,0.931186318397522,0.12071163207292557,0.6
876,0.9312548041343689,0.12058824300765991,0.597
877,0.9313252568244934,0.12046673893928528,0.604
878,0.9313971400260925,0.12034093588590622,0.585
879,0.9314687848091125,0.12021441012620926,0.592
880,0.9315392971038818,0.12008772790431976,0.587
881,0.9316090941429138,0.11996422708034515,0.584
882,0.9316824078559875,0.11983843147754669,0.577
883,0.931753933429718,0.11971457302570343,0.592
884,0.9318237900733948,0.11959633231163025,0.595
885,0.9318981766700745,0.11946944892406464,0.582
886,0.9319676756858826,0.11934692412614822,0.583
887,0.9320406913757324,0.1192222610116005,0.587
888,0.932111918926239,0.11909966915845871,0.582
889,0.9321815371513367,0.11897797137498856,0.586
890,0.9322503805160522,0.11885892599821091,0.574
891,0.9323150515556335,0.1187455952167511,0.586
892,0.9323851466178894,0.11862435936927795,0.585
893,0.9324530959129333,0.1185067743062973,0.576
894,0.9325136542320251,0.11839991807937622,0.591
895,0.9325827956199646,0.11828185617923737,0.595
896,0.9326492547988892,0.11816444993019104,0.6
897,0.9327181577682495,0.1180410161614418,0.591
898,0.9327853322029114,0.1179230660200119,0.592
899,0.9328538775444031,0.11780354380607605,0.602
900,0.9329140782356262,0.11769132316112518,0.583
901,0.9329808354377747,0.11757303774356842,0.589
902,0.93304842710495,0.11745088547468185,0.583
903,0.9331143498420715,0.11733697354793549,0.597
904,0.9331821799278259,0.11721950024366379,0.587
905,0.9332463145256042,0.11710741370916367,0.59
906,0.9333153367042542,0.11699222773313522,0.598
907,0.9333816766738892,0.11687445640563965,0.596
908,0.933449387550354,0.11675630509853363,0.599
909,0.9335175156593323,0.11663676798343658,0.602
910,0.9335834383964539,0.11651995778083801,0.595
911,0.9336506724357605,0.1164051815867424,0.598
912,0.9337148070335388,0.11629673093557358,0.602
913,0.9337828159332275,0.11617885529994965,0.604
914,0.933846652507782,0.11606510728597641,0.597
915,0.9339133501052856,0.11594759672880173,0.596
916,0.9339763522148132,0.11583547294139862,0.605
917,0.9340422749519348,0.1157207041978836,0.606
918,0.9341060519218445,0.11561357229948044,0.6
919,0.934171199798584,0.11550018191337585,0.593
920,0.9342346787452698,0.11538689583539963,0.613
921,0.9342940449714661,0.11527729779481888,0.602
922,0.9343557953834534,0.115165576338768,0.59
923,0.9344168901443481,0.11505738645792007,0.554
924,0.934479832649231,0.11495312303304672,0.585
925,0.9345446228981018,0.11484061926603317,0.594
926,0.9346097707748413,0.11472993344068527,0.604
927,0.9346718192100525,0.11461810767650604,0.6
928,0.9347322583198547,0.11450802534818649,0.585
929,0.9347954988479614,0.11439734697341919,0.592
930,0.9348586201667786,0.1142861619591713,0.603
931,0.9349235892295837,0.11417236179113388,0.6
932,0.93498694896698,0.11406192183494568,0.58
933,0.9350491762161255,0.11395344138145447,0.58
934,0.9351083040237427,0.1138533428311348,0.589
935,0.9351702928543091,0.11374212801456451,0.596
936,0.9352311491966248,0.11363492161035538,0.598
937,0.9352918863296509,0.11352801322937012,0.586
938,0.9353544116020203,0.11341822147369385,0.592
939,0.9354187846183777,0.11330770701169968,0.574
940,0.9354795813560486,0.11320684850215912,0.59
941,0.9355446696281433,0.1130983904004097,0.577
942,0.9356076717376709,0.11298958212137222,0.599
943,0.9356681108474731,0.11288110166788101,0.577
944,0.9357283711433411,0.11277386546134949,0.561
945,0.935790479183197,0.11266419291496277,0.58
946,0.935851514339447,0.11255884915590286,0.581
947,0.9359099864959717,0.11245771497488022,0.576
948,0.9359707236289978,0.11235325783491135,0.579
949,0.9360347390174866,0.11224891245365143,0.572
950,0.936090886592865,0.11214544624090195,0.578
951,0.9361492991447449,0.11203970015048981,0.584
952,0.9362105131149292,0.11193133890628815,0.584
953,0.9362697005271912,0.11182793974876404,0.577
954,0.9363272786140442,0.1117260679602623,0.578
955,0.9363833069801331,0.11162571609020233,0.593
956,0.9364392161369324,0.11153019219636917,0.601
957,0.9364978671073914,0.11142636835575104,0.583
958,0.9365564584732056,0.11132127791643143,0.584
959,0.9366153478622437,0.11121863126754761,0.592
960,0.9366731643676758,0.11111535131931305,0.595
961,0.9367289543151855,0.11101849377155304,0.568
962,0.9367875456809998,0.11091937869787216,0.572
963,0.9368454813957214,0.11081723123788834,0.58
964,0.9369037747383118,0.11071319878101349,0.594
965,0.9369624257087708,0.11061134934425354,0.605
966,0.9370190501213074,0.11051392555236816,0.6
967,0.9370779395103455,0.1104096919298172,0.592
968,0.9371352791786194,0.11031165719032288,0.593
969,0.9371924996376038,0.11020974069833755,0.599
970,0.9372515082359314,0.11010835319757462,0.591
971,0.9373099207878113,0.11000651866197586,0.586
972,0.9373696446418762,0.1099042296409607,0.579
973,0.937427818775177,0.10980251431465149,0.582
974,0.9374858736991882,0.10970349609851837,0.598
975,0.9375438094139099,0.10960722714662552,0.587
976,0.9376020431518555,0.10950618982315063,0.594
977,0.9376593232154846,0.10940414667129517,0.586
978,0.9377201795578003,0.10930076986551285,0.586
979,0.9377738833427429,0.10920998454093933,0.586
980,0.9378316402435303,0.10911338776350021,0.559
981,0.9378856420516968,0.1090192124247551,0.609
982,0.9379389882087708,0.10892166197299957,0.617
983,0.9379969239234924,0.10882078111171722,0.616
984,0.9380552172660828,0.10872097313404083,0.599
985,0.9381105899810791,0.10862424224615097,0.608
986,0.9381667375564575,0.10852396488189697,0.584
987,0.9382228255271912,0.10842344909906387,0.595
988,0.9382778406143188,0.10832501202821732,0.595
989,0.9383332133293152,0.10823027044534683,0.589
990,0.9383870959281921,0.10813399404287338,0.591
991,0.9384409189224243,0.10804162174463272,0.583
992,0.938495934009552,0.10794471204280853,0.583
993,0.9385508894920349,0.10784931480884552,0.585
994,0.9386070966720581,0.10775485634803772,0.59
995,0.9386641383171082,0.10765251517295837,0.593
996,0.9387187361717224,0.10755909979343414,0.603
997,0.9387741684913635,0.1074603796005249,0.595
998,0.9388290047645569,0.10736793279647827,0.591
999,0.9388805031776428,0.10728202015161514,0.597
1000,0.9389346837997437,0.1071920171380043,0.596
1001,0.9389882683753967,0.1070997416973114,0.586
1002,0.9390413165092468,0.10700392723083496,0.596
1003,0.9390988349914551,0.10690680891275406,0.595
1004,0.9391553401947021,0.10680700093507767,0.595
1005,0.9392094016075134,0.10671155154705048,0.584
1006,0.939266562461853,0.10661397129297256,0.589
1007,0.93932044506073,0.1065228208899498,0.6
1008,0.9393724203109741,0.10643059760332108,0.608
1009,0.9394264817237854,0.1063394844532013,0.603
1010,0.9394795894622803,0.1062508150935173,0.589
1011,0.939533531665802,0.10615362226963043,0.589
1012,0.9395868182182312,0.1060614287853241,0.593
1013,0.9396387338638306,0.10596853494644165,0.586
1014,0.9396927356719971,0.10587932169437408,0.601
1015,0.9397457838058472,0.10578563809394836,0.583
1016,0.9397968649864197,0.10569601505994797,0.59
1017,0.9398483633995056,0.10560468584299088,0.584
1018,0.9399019479751587,0.1055120900273323,0.597
1019,0.9399563670158386,0.10541605204343796,0.584
1020,0.9400057196617126,0.10532873868942261,0.585
1021,0.9400572776794434,0.10523633658885956,0.587
1022,0.9401109218597412,0.10514230281114578,0.581
1023,0.9401653409004211,0.1050466001033783,0.581
1024,0.9402165412902832,0.10496295243501663,0.582
1025,0.9402694702148438,0.10487379878759384,0.6
1026,0.94032222032547,0.10478176921606064,0.613
1027,0.940374493598938,0.10469156503677368,0.585
1028,0.9404265880584717,0.10459892451763153,0.588
1029,0.940479576587677,0.10450766980648041,0.603
1030,0.940532386302948,0.10441462695598602,0.591
1031,0.9405810832977295,0.10432633757591248,0.603
1032,0.9406332969665527,0.10423614829778671,0.585
1033,0.9406880140304565,0.10414060205221176,0.59
1034,0.9407373070716858,0.10405228286981583,0.589
1035,0.9407901167869568,0.10395777970552444,0.595
1036,0.9408414363861084,0.10386607050895691,0.59
1037,0.9408926963806152,0.10377528518438339,0.591
1038,0.9409438371658325,0.10368606448173523,0.595
1039,0.9409970641136169,0.10359545797109604,0.596
1040,0.9410449266433716,0.10350944101810455,0.576
1041,0.9410966634750366,0.10341960191726685,0.591
1042,0.9411491751670837,0.10332639515399933,0.591
1043,0.9412006735801697,0.10323484987020493,0.583
1044,0.9412516951560974,0.10314741730690002,0.564
1045,0.941303014755249,0.10305649787187576,0.58
1046,0.9413533806800842,0.10296884924173355,0.591
1047,0.9414040446281433,0.10288042575120926,0.596
1048,0.941453754901886,0.10279281437397003,0.585
1049,0.9415034055709839,0.10270655900239944,0.598
1050,0.9415538311004639,0.10262002050876617,0.6
1051,0.9416037201881409,0.10253114253282547,0.595
1052,0.9416543841362,0.10244451463222504,0.572
1053,0.9417040348052979,0.10236474871635437,0.563
1054,0.9417527914047241,0.10227857530117035,0.602
1055,0.9418031573295593,0.10219096392393112,0.583
1056,0.941853404045105,0.10210604220628738,0.594
1057,0.9419001340866089,0.10201940685510635,0.588
1058,0.9419488906860352,0.10193675756454468,0.595
1059,0.9419954419136047,0.10185246169567108,0.577
1060,0.9420466423034668,0.1017645001411438,0.576
1061,0.9420942664146423,0.10167696326971054,0.584
1062,0.9421427249908447,0.10159670561552048,0.581
1063,0.9421932101249695,0.10151434689760208,0.578
1064,0.9422388672828674,0.10143313556909561,0.582
1065,0.9422839879989624,0.10135683417320251,0.581
1066,0.9423324465751648,0.10127054899930954,0.593
1067,0.9423786997795105,0.10118706524372101,0.58
1068,0.9424274563789368,0.10109958052635193,0.587
1069,0.9424752593040466,0.10101320594549179,0.586
1070,0.9425259828567505,0.10092464834451675,0.583
1071,0.9425740242004395,0.10083939135074615,0.586
1072,0.9426215291023254,0.10075676441192627,0.578
1073,0.9426707029342651,0.10067273676395416,0.567
1074,0.9427210092544556,0.10058926045894623,0.556
1075,0.9427704215049744,0.10050932317972183,0.568
1076,0.9428163170814514,0.10042987763881683,0.567
1077,0.9428638219833374,0.10034559667110443,0.583
1078,0.9429124593734741,0.10026140511035919,0.583
1079,0.942960262298584,0.10018034279346466,0.571
1080,0.9430040717124939,0.10010084509849548,0.585
1081,0.9430474042892456,0.10002312809228897,0.58
1082,0.9430931806564331,0.09994053095579147,0.58
1083,0.9431376457214355,0.09986208379268646,0.572
1084,0.9431824088096619,0.09978294372558594,0.578
1085,0.9432305097579956,0.0996999591588974,0.581
1086,0.9432784914970398,0.09961429983377457,0.594
1087,0.9433217644691467,0.09954029321670532,0.575
1088,0.943367063999176,0.0994594469666481,0.566
1089,0.9434101581573486,0.09937987476587296,0.585
1090,0.9434557557106018,0.09929727762937546,0.581
1091,0.9434995055198669,0.09921716153621674,0.587
1092,0.9435431957244873,0.09913802891969681,0.591
1093,0.9435884952545166,0.09906066954135895,0.593
1094,0.9436329007148743,0.09898059070110321,0.591
1095,0.9436763525009155,0.09890254586935043,0.572
1096,0.943722665309906,0.09882254898548126,0.575
1097,0.9437664151191711,0.09874888509511948,0.577
1098,0.9438104629516602,0.09866994619369507,0.588
1099,0.9438519477844238,0.098594069480896,0.58
1100,0.9438966512680054,0.09851669520139694,0.584
1101,0.9439442753791809,0.0984334722161293,0.582
1102,0.9439908862113953,0.09835143387317657,0.585
1103,0.9440354108810425,0.0982726514339447,0.59
1104,0.9440823197364807,0.09819046407938004,0.591
1105,0.9441278576850891,0.09811332076787949,0.606
1106,0.9441750049591064,0.09803261607885361,0.596
1107,0.9442229270935059,0.09795258939266205,0.572
1108,0.9442669749259949,0.09787479043006897,0.583
1109,0.9443134665489197,0.09779597073793411,0.594
1110,0.9443590641021729,0.09771788120269775,0.58
1111,0.9444012641906738,0.09764125198125839,0.587
1112,0.9444454312324524,0.09756562858819962,0.585
1113,0.944489061832428,0.09748929738998413,0.58
1114,0.9445322751998901,0.09741787612438202,0.604
1115,0.9445753693580627,0.0973401814699173,0.596
1116,0.944618821144104,0.09726397693157196,0.576
1117,0.9446626305580139,0.0971849113702774,0.586
1118,0.9447095990180969,0.09710395336151123,0.605
1119,0.9447544813156128,0.09702351689338684,0.603
1120,0.9447988271713257,0.09694717079401016,0.597
1121,0.9448414444923401,0.0968741625547409,0.596
1122,0.9448823928833008,0.09680447727441788,0.602
1123,0.9449273347854614,0.0967269018292427,0.592
1124,0.9449693560600281,0.09665229916572571,0.58
1125,0.9450153708457947,0.09657521545886993,0.576
1126,0.9450592994689941,0.09649866819381714,0.606
1127,0.9451035261154175,0.09642213582992554,0.596
1128,0.9451484680175781,0.0963425561785698,0.599
1129,0.9451941251754761,0.09626313298940659,0.608
1130,0.9452353119850159,0.09619151055812836,0.581
1131,0.9452784061431885,0.09611506760120392,0.566
1132,0.9453218579292297,0.09604127705097198,0.591
1133,0.9453643560409546,0.09596723318099976,0.587
1134,0.9454056024551392,0.09589457511901855,0.584
1135,0.9454488158226013,0.09582002460956573,0.568
1136,0.9454927444458008,0.09574494510889053,0.593
1137,0.9455370306968689,0.09566836804151535,0.605
1138,0.9455775618553162,0.09559725224971771,0.59
1139,0.9456204771995544,0.09552226960659027,0.597
1140,0.9456592798233032,0.09544946253299713,0.598
1141,0.9456984400749207,0.09537933021783829,0.603
1142,0.9457398653030396,0.09530584514141083,0.584
1143,0.9457833170890808,0.09522904455661774,0.59
1144,0.9458230137825012,0.09515728056430817,0.596
1145,0.9458655118942261,0.09508407860994339,0.6
1146,0.9459038972854614,0.09501900523900986,0.584
1147,0.9459437727928162,0.09494569897651672,0.584
1148,0.9459840655326843,0.09487929195165634,0.589
1149,0.9460245966911316,0.0948106199502945,0.605
1150,0.9460655450820923,0.09473714232444763,0.6
1151,0.9461031556129456,0.09466966986656189,0.6
1152,0.9461431503295898,0.09459789097309113,0.599
1153,0.9461846351623535,0.09452347457408905,0.593
1154,0.9462272524833679,0.09445082396268845,0.603
1155,0.9462689757347107,0.09437587112188339,0.6
1156,0.9463118314743042,0.09430072456598282,0.604
1157,0.9463546276092529,0.09422683715820312,0.612
1158,0.9463953971862793,0.0941566750407219,0.581
1159,0.9464336633682251,0.09408967196941376,0.575
1160,0.9464754462242126,0.0940212830901146,0.594
1161,0.9465175271034241,0.0939483717083931,0.599
1162,0.94655841588974,0.09387607872486115,0.587
1163,0.9465987682342529,0.09380893409252167,0.582
1164,0.946643054485321,0.09373724460601807,0.579
1165,0.9466817378997803,0.09366968274116516,0.59
1166,0.946723461151123,0.09359540790319443,0.603
1167,0.946764349937439,0.09352289140224457,0.597
1168,0.9468047618865967,0.09345444291830063,0.596
1169,0.9468459486961365,0.09338264167308807,0.603
1170,0.9468854665756226,0.09331247210502625,0.595
1171,0.9469248652458191,0.0932411476969719,0.59
1172,0.9469642639160156,0.0931696966290474,0.586
1173,0.9470062851905823,0.09309571236371994,0.58
1174,0.9470474720001221,0.0930212065577507,0.586
1175,0.9470866322517395,0.09295355528593063,0.588
1176,0.9471288919448853,0.09288039058446884,0.6
1177,0.9471659660339355,0.09281424432992935,0.594
1178,0.9472041130065918,0.0927472710609436,0.597
1179,0.9472457766532898,0.09267489612102509,0.599
1180,0.9472838044166565,0.09260646253824234,0.603
1181,0.9473252892494202,0.09253653883934021,0.616
1182,0.9473636150360107,0.09246709197759628,0.606
1183,0.9474026560783386,0.09240034967660904,0.602
1184,0.947442352771759,0.09232937544584274,0.607
1185,0.947481632232666,0.09226210415363312,0.608
1186,0.9475197196006775,0.09219369292259216,0.597
1187,0.9475603699684143,0.0921228677034378,0.602
1188,0.9476006031036377,0.09205152839422226,0.597
1189,0.9476377367973328,0.09198412299156189,0.601
1190,0.9476774334907532,0.09191378951072693,0.585
1191,0.9477159380912781,0.09184692054986954,0.607
1192,0.9477547407150269,0.09177865087985992,0.605
1193,0.9477904438972473,0.09171240031719208,0.6
1194,0.9478287100791931,0.09164412319660187,0.602
1195,0.9478673338890076,0.09157454967498779,0.603
1196,0.9479082226753235,0.09150456637144089,0.593
1197,0.9479467272758484,0.09143533557653427,0.59
1198,0.94798743724823,0.09136601537466049,0.578
1199,0.9480242729187012,0.09130281955003738,0.597
1200,0.9480618238449097,0.0912366583943367,0.615
1201,0.9481008052825928,0.09116756170988083,0.613
1202,0.9481409192085266,0.09109758585691452,0.616
1203,0.9481797814369202,0.09102937579154968,0.612
1204,0.9482147693634033,0.09096670895814896,0.588
1205,0.9482527375221252,0.090899258852005,0.591
1206,0.948289155960083,0.09083404392004013,0.603
1207,0.9483270049095154,0.09076620638370514,0.589
1208,0.9483663439750671,0.0906994640827179,0.584
1209,0.9484032988548279,0.0906343087553978,0.573
1210,0.9484379291534424,0.09057033807039261,0.587
1211,0.9484759569168091,0.09050253033638,0.59
1212,0.9485119581222534,0.0904403105378151,0.602
1213,0.9485490918159485,0.09037602692842484,0.599
1214,0.9485861659049988,0.09031093120574951,0.604
1215,0.9486250281333923,0.09024171531200409,0.606
1216,0.9486631155014038,0.0901772528886795,0.616
1217,0.9486980438232422,0.09011527895927429,0.594
1218,0.9487326145172119,0.09005391597747803,0.596
1219,0.9487689733505249,0.08999445289373398,0.597
1220,0.9488071799278259,0.08992711454629898,0.591
1221,0.9488449096679688,0.0898619070649147,0.599
1222,0.9488815069198608,0.08979647606611252,0.599
1223,0.948916494846344,0.08973322808742523,0.56
1224,0.9489536881446838,0.08966801315546036,0.559
1225,0.9489912390708923,0.08960278332233429,0.59
1226,0.9490264058113098,0.0895434319972992,0.562
1227,0.9490641951560974,0.08948007971048355,0.581
1228,0.949098527431488,0.0894174575805664,0.595
1229,0.9491350650787354,0.08935345709323883,0.595
1230,0.9491715431213379,0.0892898216843605,0.598
1231,0.9492090344429016,0.0892220064997673,0.608
1232,0.9492461681365967,0.08915574103593826,0.607
1233,0.9492843151092529,0.08908942341804504,0.589
1234,0.9493204951286316,0.08902512490749359,0.606
1235,0.9493548274040222,0.08896338194608688,0.608
1236,0.9493909478187561,0.08889979124069214,0.587
1237,0.9494266510009766,0.08883829414844513,0.592
1238,0.9494648575782776,0.08877093344926834,0.59
1239,0.9495011568069458,0.08870811015367508,0.612
1240,0.9495351910591125,0.0886445865035057,0.602
1241,0.9495710134506226,0.0885806754231453,0.599
1242,0.9496060013771057,0.08852477371692657,0.588
1243,0.9496409893035889,0.08846142888069153,0.593
1244,0.9496759176254272,0.08840368688106537,0.566
1245,0.9497111439704895,0.08834139257669449,0.592
1246,0.9497437477111816,0.08828029781579971,0.594
1247,0.9497799277305603,0.08821757137775421,0.597
1248,0.9498168230056763,0.08815457671880722,0.603
1249,0.9498514533042908,0.08809216320514679,0.598
1250,0.9498875141143799,0.08803001791238785,0.588
1251,0.9499228000640869,0.08797060698270798,0.579
1252,0.949958324432373,0.08790799975395203,0.578
1253,0.9499920010566711,0.08784812688827515,0.59
1254,0.9500263929367065,0.08778426796197891,0.595
1255,0.9500606656074524,0.08772153407335281,0.598
1256,0.9500967264175415,0.08765750378370285,0.595
1257,0.9501298069953918,0.08759874850511551,0.591
1258,0.9501650333404541,0.08754026144742966,0.589
1259,0.9502013325691223,0.08747832477092743,0.616
1260,0.9502360820770264,0.08742005378007889,0.614
1261,0.950270414352417,0.08736023306846619,0.597
1262,0.9503065347671509,0.08730130642652512,0.605
1263,0.9503400325775146,0.0872432142496109,0.608
1264,0.9503749012947083,0.08718546479940414,0.589
1265,0.9504064917564392,0.08712930232286453,0.592
1266,0.950440526008606,0.08706998825073242,0.573
1267,0.9504724144935608,0.08701357990503311,0.577
1268,0.9505059719085693,0.08695300668478012,0.585
1269,0.9505402445793152,0.08689054101705551,0.588
1270,0.950570821762085,0.08683668822050095,0.603
1271,0.950606107711792,0.08677534759044647,0.58
1272,0.9506384134292603,0.08671467751264572,0.587
1273,0.950672447681427,0.08665522187948227,0.603
1274,0.9507061243057251,0.08659611642360687,0.595
1275,0.950739324092865,0.08653929084539413,0.603
1276,0.9507728815078735,0.08648001402616501,0.593
1277,0.9508078098297119,0.08641964197158813,0.602
1278,0.9508412480354309,0.08635792881250381,0.599
1279,0.9508756995201111,0.08629654347896576,0.603
1280,0.9509061574935913,0.08624140173196793,0.593
1281,0.9509404897689819,0.08618276566267014,0.6
1282,0.9509758353233337,0.08612033724784851,0.598
1283,0.9510115385055542,0.0860595852136612,0.596
1284,0.9510435461997986,0.08600089699029922,0.61
1285,0.9510773420333862,0.08594230562448502,0.589
1286,0.9511089324951172,0.08588488399982452,0.584
1287,0.9511397480964661,0.08582958579063416,0.587
1288,0.9511730074882507,0.08577108383178711,0.59
1289,0.951208770275116,0.08571149408817291,0.606
1290,0.9512411952018738,0.0856541320681572,0.593
1291,0.9512746930122375,0.08559505641460419,0.587
1292,0.9513091444969177,0.08553478866815567,0.589
1293,0.9513443112373352,0.08547471463680267,0.583
1294,0.9513740539550781,0.08542333543300629,0.594
1295,0.9514087438583374,0.08536095917224884,0.59
1296,0.9514440894126892,0.08530116826295853,0.591
1297,0.9514779448509216,0.08524300903081894,0.596
1298,0.9515128135681152,0.08518113940954208,0.595
1299,0.9515430331230164,0.0851251557469368,0.598
1300,0.9515760540962219,0.08506633341312408,0.595
1301,0.9516093730926514,0.08500882238149643,0.601
1302,0.9516422748565674,0.08495084941387177,0.59
1303,0.95167475938797,0.08489394187927246,0.601
1304,0.9517068862915039,0.0848344936966896,0.602
1305,0.9517389535903931,0.08477531373500824,0.606
1306,0.9517726898193359,0.08471603691577911,0.61
1307,0.9518049955368042,0.08465790003538132,0.608
1308,0.951836884021759,0.08460111916065216,0.604
1309,0.9518684148788452,0.08454425632953644,0.608
1310,0.9519016146659851,0.08448588103055954,0.612
1311,0.9519315958023071,0.08442923426628113,0.605
1312,0.9519626498222351,0.08437321335077286,0.597
1313,0.9519946575164795,0.08431714028120041,0.615
1314,0.9520255327224731,0.0842641294002533,0.62
1315,0.9520584940910339,0.08420626819133759,0.609
1316,0.9520917534828186,0.0841473788022995,0.611
1317,0.9521239399909973,0.08408915251493454,0.598
1318,0.952155351638794,0.08403412997722626,0.604
1319,0.9521864056587219,0.08397713303565979,0.603
1320,0.9522180557250977,0.08392191678285599,0.583
1321,0.9522476196289062,0.08386968821287155,0.582
1322,0.9522798657417297,0.08381383121013641,0.606
1323,0.9523100256919861,0.08376288414001465,0.605
1324,0.9523401260375977,0.08371033519506454,0.589
1325,0.9523705244064331,0.08365462720394135,0.593
1326,0.9524043202400208,0.08359555900096893,0.596
1327,0.9524360299110413,0.08353909105062485,0.6
1328,0.9524686932563782,0.0834817886352539,0.609
1329,0.9525006413459778,0.08342615514993668,0.588
1330,0.9525314569473267,0.08337043225765228,0.585
1331,0.952560544013977,0.08331787586212158,0.585
1332,0.9525923728942871,0.0832633450627327,0.601
1333,0.9526223540306091,0.08320886641740799,0.593
1334,0.95265132188797,0.08315443247556686,0.598
1335,0.9526819586753845,0.08310222625732422,0.601
1336,0.9527108073234558,0.08304928988218307,0.595
1337,0.9527416825294495,0.08299486339092255,0.604
1338,0.9527732133865356,0.08294030278921127,0.607
1339,0.952804684638977,0.08288535475730896,0.604
1340,0.952835738658905,0.08283162117004395,0.594
1341,0.9528633952140808,0.08278270810842514,0.59
1342,0.9528954029083252,0.08272705227136612,0.596
1343,0.952925980091095,0.08267366141080856,0.596
1344,0.9529572129249573,0.08261817693710327,0.599
1345,0.9529863595962524,0.08256412297487259,0.597
1346,0.9530165195465088,0.08250987529754639,0.6
1347,0.9530465602874756,0.08245545625686646,0.598
1348,0.953076958656311,0.08240479975938797,0.598
1349,0.9531086683273315,0.08235179632902145,0.593
1350,0.9531403183937073,0.08229637145996094,0.604
1351,0.9531695246696472,0.08224347978830338,0.597
1352,0.9531997442245483,0.08218907564878464,0.591
1353,0.9532285332679749,0.08213689178228378,0.593
1354,0.9532562494277954,0.0820857509970665,0.592
1355,0.9532866477966309,0.0820370763540268,0.577
1356,0.9533156752586365,0.0819859653711319,0.589
1357,0.9533446431159973,0.08193281292915344,0.601
1358,0.9533749222755432,0.08187996596097946,0.588
1359,0.9534041285514832,0.08182712644338608,0.602
1360,0.9534342885017395,0.08177343755960464,0.592
1361,0.9534637928009033,0.08172058314085007,0.603
1362,0.9534931778907776,0.08166871964931488,0.603
1363,0.9535239338874817,0.08161459863185883,0.6
1364,0.9535539150238037,0.08156194537878036,0.614
1365,0.9535855650901794,0.08150803297758102,0.607
1366,0.9536161422729492,0.08145417273044586,0.606
1367,0.9536446928977966,0.08140263706445694,0.602
1368,0.9536728262901306,0.08135927468538284,0.6
1369,0.9537039995193481,0.08130434900522232,0.6
1370,0.9537320733070374,0.081255704164505,0.588
1371,0.953758716583252,0.0812050849199295,0.595
1372,0.9537873864173889,0.08115524053573608,0.592
1373,0.9538176655769348,0.08110183477401733,0.604
1374,0.9538469314575195,0.08104874193668365,0.598
1375,0.9538764357566833,0.08099563419818878,0.599
1376,0.9539059400558472,0.08094260841608047,0.606
1377,0.9539337158203125,0.08089384436607361,0.615
1378,0.9539617896080017,0.08084096759557724,0.611
1379,0.9539934992790222,0.08078613132238388,0.617
1380,0.9540221691131592,0.08073431998491287,0.59
1381,0.9540504217147827,0.08068525791168213,0.601
1382,0.95408034324646,0.08063151687383652,0.611
1383,0.9541098475456238,0.08058004826307297,0.599
1384,0.9541366696357727,0.08053064346313477,0.602
1385,0.9541667699813843,0.08048074692487717,0.594
1386,0.9541938900947571,0.08043234795331955,0.6
1387,0.9542242288589478,0.0803806334733963,0.59
1388,0.9542535543441772,0.08032747358083725,0.597
1389,0.9542818069458008,0.08027593046426773,0.601
1390,0.9543091058731079,0.08022680878639221,0.6
1391,0.9543386101722717,0.08017510920763016,0.593
1392,0.9543677568435669,0.08012497425079346,0.576
1393,0.9543955326080322,0.08007804304361343,0.606
1394,0.954422652721405,0.08003087341785431,0.593
1395,0.9544500112533569,0.07998301833868027,0.58
1396,0.9544806480407715,0.07993251085281372,0.593
1397,0.9545083045959473,0.07988222688436508,0.589
1398,0.9545355439186096,0.07983162999153137,0.598
1399,0.9545637369155884,0.07978054881095886,0.593
1400,0.9545928835868835,0.07972712814807892,0.6
1401,0.9546216726303101,0.07967659085988998,0.593
1402,0.9546490907669067,0.07962666451931,0.591
1403,0.954678475856781,0.07957455515861511,0.597
1404,0.9547054767608643,0.079523466527462,0.595
1405,0.9547340869903564,0.07947254180908203,0.59
1406,0.9547626972198486,0.07942146062850952,0.589
1407,0.9547922015190125,0.07936979830265045,0.588
1408,0.9548220038414001,0.07931921631097794,0.578
1409,0.9548491835594177,0.07927363365888596,0.592
1410,0.9548768997192383,0.07922434061765671,0.588
1411,0.95490562915802,0.0791766420006752,0.595
1412,0.9549336433410645,0.07912661880254745,0.585
1413,0.9549615979194641,0.07907725870609283,0.59
1414,0.9549905061721802,0.07902732491493225,0.601
1415,0.9550193548202515,0.07897675037384033,0.6
1416,0.9550446271896362,0.0789281502366066,0.593
1417,0.9550734162330627,0.07887766510248184,0.6
1418,0.9551018476486206,0.0788266658782959,0.591
1419,0.9551272988319397,0.07877866178750992,0.59
1420,0.9551547169685364,0.07872968912124634,0.593
1421,0.9551817178726196,0.07868066430091858,0.588
1422,0.9552099704742432,0.07863296568393707,0.61
1423,0.9552385210990906,0.07858557999134064,0.58
1424,0.9552667140960693,0.07853665202856064,0.582
1425,0.9552925825119019,0.07849016040563583,0.581
1426,0.9553216695785522,0.07843933254480362,0.582
1427,0.9553484320640564,0.0783928781747818,0.578
1428,0.9553765058517456,0.0783449038863182,0.585
1429,0.9554048180580139,0.07829870283603668,0.585
1430,0.9554317593574524,0.0782497301697731,0.59
1431,0.9554574489593506,0.07820281386375427,0.59
1432,0.9554853439331055,0.07815322279930115,0.597
1433,0.955514132976532,0.07810163497924805,0.597
1434,0.955542266368866,0.07805244624614716,0.59
1435,0.9555690288543701,0.07800371944904327,0.589
1436,0.9555938839912415,0.07795674353837967,0.593
1437,0.955620288848877,0.0779089704155922,0.604
1438,0.9556463360786438,0.07786087691783905,0.603
1439,0.9556723833084106,0.07781337946653366,0.593
1440,0.955699622631073,0.07776498049497604,0.592
1441,0.9557258486747742,0.07771825790405273,0.584
1442,0.955752432346344,0.07767210155725479,0.574
1443,0.9557769894599915,0.0776258185505867,0.574
1444,0.9558015465736389,0.0775798037648201,0.572
1445,0.9558296203613281,0.07753054797649384,0.573
1446,0.9558566212654114,0.07748245447874069,0.575
1447,0.9558858275413513,0.07743275910615921,0.569
1448,0.9559128284454346,0.07738538086414337,0.575
1449,0.9559400081634521,0.0773368775844574,0.577
1450,0.9559659957885742,0.07729019224643707,0.592
1451,0.9559934735298157,0.07724215090274811,0.586
1452,0.9560202360153198,0.07719617336988449,0.582
1453,0.956046998500824,0.07715015113353729,0.591
1454,0.9560737609863281,0.07710333168506622,0.594
1455,0.956099808216095,0.07705524563789368,0.605
1456,0.956127405166626,0.07700878381729126,0.603
1457,0.9561537504196167,0.07696260511875153,0.589
1458,0.9561787247657776,0.07691659033298492,0.587
1459,0.9562024474143982,0.07687142491340637,0.597
1460,0.9562286734580994,0.07682333886623383,0.589
1461,0.9562535881996155,0.07678232342004776,0.597
1462,0.9562806487083435,0.07673510164022446,0.587
1463,0.9563083052635193,0.07668902724981308,0.593
1464,0.9563337564468384,0.07664407789707184,0.604
1465,0.9563575983047485,0.0766042023897171,0.587
1466,0.9563820362091064,0.07656078040599823,0.576
1467,0.9564086198806763,0.07651343941688538,0.601
1468,0.9564344882965088,0.07646668702363968,0.59
1469,0.9564594626426697,0.0764203667640686,0.595
1470,0.9564862251281738,0.07637485861778259,0.595
1471,0.9565136432647705,0.07632860541343689,0.598
1472,0.9565403461456299,0.07628235965967178,0.613
1473,0.9565663933753967,0.07623722404241562,0.609
1474,0.9565923810005188,0.07619167119264603,0.599
1475,0.956616222858429,0.07614945620298386,0.588
1476,0.9566424489021301,0.07610341161489487,0.613
1477,0.9566686749458313,0.07605843245983124,0.605
1478,0.9566933512687683,0.07601361721754074,0.594
1479,0.9567207098007202,0.07596714049577713,0.591
1480,0.9567453265190125,0.0759214237332344,0.58
1481,0.9567726254463196,0.07587431371212006,0.583
1482,0.9567974209785461,0.07583101093769073,0.582
1483,0.9568225145339966,0.07578624784946442,0.597
1484,0.9568491578102112,0.07574088126420975,0.596
1485,0.9568728804588318,0.07569801062345505,0.597
1486,0.9568985104560852,0.07565248012542725,0.597
1487,0.9569231271743774,0.07560741901397705,0.602
1488,0.9569477438926697,0.07556181401014328,0.599
1489,0.9569732546806335,0.07551619410514832,0.601
1490,0.9569993615150452,0.07546982169151306,0.6
1491,0.9570260047912598,0.07542277127504349,0.594
1492,0.9570508003234863,0.07537897676229477,0.582
1493,0.9570761322975159,0.07533425837755203,0.589
1494,0.9571027159690857,0.07528757303953171,0.589
1495,0.9571295380592346,0.0752420499920845,0.585
1496,0.9571539163589478,0.07520019263029099,0.598
1497,0.9571781754493713,0.07515683025121689,0.593
1498,0.9572021961212158,0.07511257380247116,0.597
1499,0.957227349281311,0.07506952434778214,0.603
1500,0.9572488069534302,0.07502688467502594,0.592
1501,0.9572729468345642,0.07498440146446228,0.594
1502,0.9572964906692505,0.07494252920150757,0.619
1503,0.9573203325271606,0.0749000832438469,0.608
1504,0.9573444128036499,0.0748608410358429,0.622
1505,0.9573687314987183,0.07481752336025238,0.598
1506,0.9573918581008911,0.07477696985006332,0.595
1507,0.9574149250984192,0.07473486661911011,0.594
1508,0.9574382901191711,0.07469242066144943,0.599
1509,0.9574634432792664,0.07464952021837234,0.587
1510,0.9574869871139526,0.0746067464351654,0.584
1511,0.9575120806694031,0.07456567138433456,0.598
1512,0.9575371146202087,0.07452181726694107,0.585
1513,0.9575612545013428,0.07448074966669083,0.584
1514,0.9575862288475037,0.07443588972091675,0.597
1515,0.9576096534729004,0.07439427077770233,0.598
1516,0.957635760307312,0.0743492841720581,0.598
1517,0.9576579332351685,0.07431183755397797,0.602
1518,0.957680344581604,0.07426858693361282,0.585
1519,0.9577033519744873,0.07422780245542526,0.585
1520,0.9577248096466064,0.0741896703839302,0.604
1521,0.9577459692955017,0.07414881885051727,0.596
1522,0.957771897315979,0.07410787045955658,0.608
1523,0.9577950835227966,0.07407049089670181,0.619
1524,0.9578191041946411,0.07402634620666504,0.613
1525,0.9578425288200378,0.07398348301649094,0.597
1526,0.9578647613525391,0.07394406199455261,0.59
1527,0.957888126373291,0.07390126585960388,0.602
1528,0.9579114317893982,0.07386224716901779,0.59
1529,0.957933247089386,0.07382699102163315,0.597
1530,0.9579553008079529,0.07378755509853363,0.603
1531,0.9579794406890869,0.07374509423971176,0.615
1532,0.9580023884773254,0.0737033262848854,0.609
1533,0.9580243825912476,0.07366195321083069,0.6
1534,0.9580466151237488,0.07362201809883118,0.592
1535,0.9580709338188171,0.07357999682426453,0.582
1536,0.9580928683280945,0.07354007661342621,0.597
1537,0.9581161737442017,0.07349883764982224,0.592
1538,0.9581401348114014,0.07345671206712723,0.602
1539,0.9581649303436279,0.07341277599334717,0.599
1540,0.9581884741783142,0.07337149977684021,0.601
1541,0.958210825920105,0.07333182543516159,0.619
1542,0.9582334756851196,0.07329151779413223,0.593
1543,0.9582575559616089,0.07324936240911484,0.597
1544,0.9582812786102295,0.07320792227983475,0.606
1545,0.9583044052124023,0.07316732406616211,0.598
1546,0.9583295583724976,0.07312489300966263,0.599
1547,0.9583514332771301,0.07308503985404968,0.594
1548,0.9583750367164612,0.07304317504167557,0.596
1549,0.958396315574646,0.0730031430721283,0.564
1550,0.9584189653396606,0.0729660913348198,0.578
1551,0.9584410190582275,0.07292633503675461,0.586
1552,0.9584624767303467,0.07288578897714615,0.587
1553,0.9584844708442688,0.07284536957740784,0.592
1554,0.9585055112838745,0.0728050097823143,0.599
1555,0.9585277438163757,0.07276568561792374,0.593
1556,0.9585520625114441,0.07272379845380783,0.6
1557,0.9585748314857483,0.07268577069044113,0.592
1558,0.9585963487625122,0.07264581322669983,0.591
1559,0.9586193561553955,0.07260690629482269,0.573
1560,0.9586432576179504,0.07256637513637543,0.591
1561,0.958666205406189,0.07252649962902069,0.583
1562,0.9586887955665588,0.07248833030462265,0.571
1563,0.9587113857269287,0.07244879752397537,0.578
1564,0.9587327837944031,0.0724097490310669,0.582
1565,0.9587541818618774,0.07237247377634048,0.596
1566,0.9587769508361816,0.07233364880084991,0.604
1567,0.9588003158569336,0.07229345291852951,0.606
1568,0.9588239192962646,0.07225321978330612,0.606
1569,0.9588466286659241,0.0722137838602066,0.583
1570,0.9588719606399536,0.07217101752758026,0.588
1571,0.9588943123817444,0.07213027030229568,0.606
1572,0.9589160680770874,0.07209035754203796,0.603
1573,0.9589378237724304,0.07205116003751755,0.592
1574,0.9589600563049316,0.07201167941093445,0.591
1575,0.9589803218841553,0.07197479158639908,0.598
1576,0.959001362323761,0.07193697243928909,0.597
1577,0.9590235352516174,0.07189607620239258,0.597
1578,0.9590477347373962,0.07185515761375427,0.591
1579,0.9590707421302795,0.07181579619646072,0.583
1580,0.9590943455696106,0.07177597284317017,0.587
1581,0.9591163992881775,0.07173583656549454,0.594
1582,0.9591373205184937,0.0717005580663681,0.597
1583,0.9591584205627441,0.07166370749473572,0.579
1584,0.9591816067695618,0.07162544131278992,0.588
1585,0.9592044353485107,0.0715855062007904,0.585
1586,0.9592263698577881,0.07154575735330582,0.601
1587,0.9592483043670654,0.07150636613368988,0.597
1588,0.9592707753181458,0.07146809995174408,0.594
1589,0.9592934846878052,0.07142942398786545,0.599
1590,0.9593144655227661,0.07139191776514053,0.583
1591,0.9593374133110046,0.07135257869958878,0.6
1592,0.9593589305877686,0.07131393998861313,0.595
1593,0.9593777656555176,0.07128022611141205,0.58
1594,0.959398627281189,0.07124510407447815,0.595
1595,0.9594200253486633,0.07120657712221146,0.595
1596,0.9594436883926392,0.07116728276014328,0.596
1597,0.9594656229019165,0.07113058865070343,0.589
1598,0.9594861268997192,0.07109685987234116,0.62
1599,0.9595071077346802,0.07106083631515503,0.605
1600,0.959528386592865,0.07102391868829727,0.601
1601,0.9595504999160767,0.07098707556724548,0.609
1602,0.9595714211463928,0.0709487721323967,0.611
1603,0.959592342376709,0.07091233879327774,0.605
1604,0.9596155285835266,0.07087486237287521,0.613
1605,0.9596372246742249,0.07083474099636078,0.604
1606,0.95965975522995,0.07079408317804337,0.6
1607,0.9596814513206482,0.07075439393520355,0.6
1608,0.9597033262252808,0.07071619480848312,0.603
1609,0.9597246646881104,0.07067842781543732,0.605
1610,0.9597468376159668,0.07064051181077957,0.589
1611,0.9597683548927307,0.07060448825359344,0.584
1612,0.9597907662391663,0.07056531310081482,0.593
1613,0.9598116874694824,0.07052712887525558,0.591
1614,0.9598308801651001,0.07049675285816193,0.582
1615,0.95984947681427,0.07046438008546829,0.608
1616,0.9598705768585205,0.07042749971151352,0.604
1617,0.9598900079727173,0.07039257138967514,0.587
1618,0.95991051197052,0.0703544095158577,0.583
1619,0.9599318504333496,0.07032077014446259,0.575
1620,0.9599531888961792,0.07028387486934662,0.606
1621,0.9599736332893372,0.07024756819009781,0.609
1622,0.9599948525428772,0.07020988315343857,0.601
1623,0.9600152969360352,0.07017503678798676,0.592
1624,0.9600356221199036,0.07014074921607971,0.6
1625,0.960055410861969,0.07010780274868011,0.602
1626,0.9600762724876404,0.07007090747356415,0.605
1627,0.9600968360900879,0.07003796845674515,0.608
1628,0.960119366645813,0.06999963521957397,0.609
1629,0.9601413011550903,0.06996402889490128,0.602
1630,0.9601621031761169,0.06992591172456741,0.601
1631,0.9601831436157227,0.06988805532455444,0.601
1632,0.9602044224739075,0.06985142827033997,0.588
1633,0.9602239727973938,0.06981725245714188,0.586
1634,0.9602446556091309,0.0697796493768692,0.599
1635,0.960265040397644,0.06974220275878906,0.602
1636,0.9602850675582886,0.06970660388469696,0.592
1637,0.9603070616722107,0.06967059522867203,0.604
1638,0.960328221321106,0.06963475048542023,0.594
1639,0.9603476524353027,0.06960078328847885,0.582
1640,0.9603678584098816,0.06956569850444794,0.583
1641,0.9603878259658813,0.06953251361846924,0.592
1642,0.9604077339172363,0.06949858367443085,0.591
1643,0.9604259729385376,0.06946348398923874,0.588
1644,0.960444986820221,0.06942757964134216,0.589
1645,0.9604653716087341,0.06938948482275009,0.595
1646,0.9604857563972473,0.06935267150402069,0.589
1647,0.960504412651062,0.06932495534420013,0.592
1648,0.9605247378349304,0.06929086893796921,0.594
1649,0.9605430960655212,0.06925708055496216,0.597
1650,0.9605634212493896,0.06922268122434616,0.598
1651,0.9605852961540222,0.0691865012049675,0.598
1652,0.9606063961982727,0.06914901733398438,0.6
1653,0.9606266021728516,0.06911267340183258,0.597
1654,0.9606462121009827,0.06907835602760315,0.583
1655,0.9606666564941406,0.06904078274965286,0.6
1656,0.9606873393058777,0.06900523602962494,0.587
1657,0.9607085585594177,0.06896848976612091,0.582
1658,0.960728108882904,0.06893505156040192,0.593
1659,0.9607492685317993,0.06889714300632477,0.59
1660,0.9607709646224976,0.06885933876037598,0.589
1661,0.9607898592948914,0.06882442533969879,0.599
1662,0.9608103632926941,0.06878773868083954,0.605
1663,0.9608314633369446,0.0687514990568161,0.603
1664,0.9608516693115234,0.06871652603149414,0.597
1665,0.9608710408210754,0.06868468225002289,0.61
1666,0.9608895182609558,0.06865081936120987,0.611
1667,0.9609104990959167,0.06861685961484909,0.611
1668,0.9609320163726807,0.06857920438051224,0.616
1669,0.9609509706497192,0.06854444742202759,0.609
1670,0.9609707593917847,0.06851139664649963,0.626
1671,0.9609919190406799,0.0684748962521553,0.61
1672,0.9610119462013245,0.06844066083431244,0.614
1673,0.9610311388969421,0.06840895861387253,0.586
1674,0.961050271987915,0.06837482005357742,0.601
1675,0.9610694050788879,0.06834051012992859,0.588
1676,0.9610887765884399,0.0683051273226738,0.589
1677,0.9611078500747681,0.0682695284485817,0.589
1678,0.961127758026123,0.06823458522558212,0.59
1679,0.9611470103263855,0.06819938123226166,0.585
1680,0.9611654877662659,0.06816640496253967,0.571
1681,0.9611847400665283,0.0681324377655983,0.598
1682,0.9612026214599609,0.06809884309768677,0.603
1683,0.9612226486206055,0.06806416809558868,0.602
1684,0.9612402319908142,0.06803213804960251,0.603
1685,0.9612615704536438,0.06799666583538055,0.599
1686,0.9612815380096436,0.06796147674322128,0.598
1687,0.9613015055656433,0.06792642921209335,0.602
1688,0.9613217115402222,0.06789086014032364,0.599
1689,0.9613410234451294,0.06785667687654495,0.606
1690,0.9613611698150635,0.06782033294439316,0.607
1691,0.9613796472549438,0.06778694689273834,0.594
1692,0.961399257183075,0.06775305420160294,0.591
1693,0.9614176750183105,0.0677199438214302,0.575
1694,0.9614371657371521,0.06768553704023361,0.58
1695,0.9614571928977966,0.06764964759349823,0.584
1696,0.9614766836166382,0.06761518865823746,0.576
1697,0.961496114730835,0.0675806999206543,0.594
1698,0.9615150094032288,0.06754664331674576,0.601
1699,0.9615343809127808,0.06751163303852081,0.59
1700,0.9615532159805298,0.06747595965862274,0.597
1701,0.9615733623504639,0.06744129955768585,0.604
1702,0.961591899394989,0.0674082562327385,0.605
1703,0.9616130590438843,0.06737160682678223,0.606
1704,0.9616323709487915,0.06733842939138412,0.611
1705,0.9616535305976868,0.06730271130800247,0.612
1706,0.9616724848747253,0.06726879626512527,0.609
1707,0.9616914391517639,0.06723552942276001,0.593
1708,0.9617106318473816,0.06720338761806488,0.597
1709,0.9617300629615784,0.06716947257518768,0.597
1710,0.9617502689361572,0.06713525205850601,0.596
1711,0.9617701768875122,0.06710071861743927,0.599
1712,0.9617903828620911,0.06706428527832031,0.59
1713,0.9618083834648132,0.06703030318021774,0.593
1714,0.9618268609046936,0.06699627637863159,0.591
1715,0.9618448615074158,0.06696318835020065,0.603
1716,0.9618632793426514,0.06692875176668167,0.593
1717,0.9618828296661377,0.06689397990703583,0.59
1718,0.9619010090827942,0.06686107069253922,0.58
1719,0.9619199633598328,0.06682837009429932,0.596
1720,0.9619386196136475,0.06679385900497437,0.597
1721,0.9619580507278442,0.06676099449396133,0.586
1722,0.9619758129119873,0.06673038750886917,0.601
1723,0.9619947075843811,0.06669696420431137,0.611
1724,0.9620140790939331,0.06666253507137299,0.61
1725,0.9620342254638672,0.06663137674331665,0.602
1726,0.9620540738105774,0.06659715622663498,0.599
1727,0.9620730876922607,0.066564179956913,0.603
1728,0.96209317445755,0.06652916222810745,0.604
1729,0.9621113538742065,0.0664978176355362,0.605
1730,0.962129533290863,0.06646465510129929,0.605
1731,0.9621479511260986,0.06643053144216537,0.593
1732,0.9621669054031372,0.0663980096578598,0.59
1733,0.9621849656105042,0.06636691093444824,0.592
1734,0.962203860282898,0.06633544713258743,0.605
1735,0.9622222185134888,0.0663028210401535,0.605
1736,0.9622412919998169,0.06627234071493149,0.607
1737,0.962259829044342,0.06623977422714233,0.607
1738,0.9622786641120911,0.06620645523071289,0.607
1739,0.9622982144355774,0.0661720335483551,0.612
1740,0.9623153805732727,0.06614044308662415,0.613
1741,0.9623327851295471,0.06610941886901855,0.609
1742,0.9623512625694275,0.06607598066329956,0.606
1743,0.9623706936836243,0.0660417452454567,0.608
1744,0.9623907208442688,0.0660075917840004,0.603
1745,0.9624098539352417,0.06597377359867096,0.607
1746,0.9624287486076355,0.06594038754701614,0.607
1747,0.9624468684196472,0.06590759009122849,0.608
1748,0.9624651670455933,0.06587422639131546,0.602
1749,0.9624831676483154,0.0658412054181099,0.601
1750,0.9625014662742615,0.0658079981803894,0.591
1751,0.9625194668769836,0.06577830016613007,0.605
1752,0.9625377058982849,0.0657464787364006,0.601
1753,0.9625558853149414,0.06571297347545624,0.616
1754,0.9625741243362427,0.06568159908056259,0.603
1755,0.9625901579856873,0.0656520426273346,0.607
1756,0.9626070261001587,0.06561986356973648,0.604
1757,0.9626254439353943,0.06558758020401001,0.606
1758,0.9626432657241821,0.06555639207363129,0.602
1759,0.962661623954773,0.06552355736494064,0.592
1760,0.9626794457435608,0.0654933825135231,0.592
1761,0.9626977443695068,0.06546181440353394,0.603
1762,0.9627160429954529,0.06542957574129105,0.592
1763,0.9627343416213989,0.0653998851776123,0.614
1764,0.9627520442008972,0.06536799669265747,0.611
1765,0.9627689719200134,0.06533671915531158,0.613
1766,0.9627866744995117,0.06530418246984482,0.607
1767,0.9628050923347473,0.06527231633663177,0.606
1768,0.9628230333328247,0.06524235010147095,0.613
1769,0.9628414511680603,0.06521046906709671,0.609
1770,0.9628600478172302,0.06517735868692398,0.609
1771,0.962877631187439,0.06514670699834824,0.608
1772,0.9628962874412537,0.06511396169662476,0.62
1773,0.9629151225090027,0.06508118659257889,0.607
1774,0.9629326462745667,0.06505092233419418,0.613
1775,0.9629506468772888,0.06501998752355576,0.604
1776,0.9629681706428528,0.06498773396015167,0.6
1777,0.962985634803772,0.06495671719312668,0.59
1778,0.9630038142204285,0.06492442637681961,0.593
1779,0.9630209803581238,0.06489355862140656,0.6
1780,0.9630389213562012,0.06486198306083679,0.606
1781,0.9630557894706726,0.06483189761638641,0.607
1782,0.9630744457244873,0.06479919701814651,0.602
1783,0.9630910158157349,0.06476867944002151,0.604
1784,0.9631099104881287,0.06473726779222488,0.605
1785,0.9631261825561523,0.0647069439291954,0.604
1786,0.9631422162055969,0.06467675417661667,0.604
1787,0.9631602168083191,0.06464464217424393,0.6
1788,0.9631772637367249,0.06461271643638611,0.597
1789,0.9631941914558411,0.06458188593387604,0.586
1790,0.9632124304771423,0.06455036997795105,0.587
1791,0.9632309079170227,0.0645178034901619,0.587
1792,0.9632478356361389,0.0644872859120369,0.593
1793,0.9632650017738342,0.06445557624101639,0.586
1794,0.9632831811904907,0.06442488729953766,0.574
1795,0.9632992744445801,0.06439584493637085,0.575
1796,0.96331787109375,0.06436331570148468,0.579
1797,0.9633339643478394,0.06433384865522385,0.588
1798,0.963350772857666,0.06430549174547195,0.586
1799,0.9633680582046509,0.06427538394927979,0.596
1800,0.9633851051330566,0.06424407660961151,0.599
1801,0.9634025692939758,0.06421308219432831,0.602
1802,0.9634213447570801,0.06418047845363617,0.6
1803,0.9634370803833008,0.06415123492479324,0.606
1804,0.9634550213813782,0.0641208365559578,0.601
1805,0.9634734988212585,0.06408876180648804,0.598
1806,0.9634895920753479,0.06406103819608688,0.583
1807,0.9635044932365417,0.06403318792581558,0.576
1808,0.963520348072052,0.06400398164987564,0.579
1809,0.9635374546051025,0.06397290527820587,0.577
1810,0.9635545015335083,0.0639415830373764,0.579
1811,0.9635716080665588,0.06391073018312454,0.583
1812,0.9635896682739258,0.06387904286384583,0.586
1813,0.9636077284812927,0.06384896486997604,0.58
1814,0.9636242389678955,0.0638187825679779,0.573
1815,0.9636412262916565,0.06378830224275589,0.574
1816,0.9636584520339966,0.06375754624605179,0.597
1817,0.9636759161949158,0.06372848153114319,0.587
1818,0.963692307472229,0.06369803100824356,0.594
1819,0.9637092351913452,0.06366788595914841,0.603
1820,0.9637268781661987,0.0636368989944458,0.605
1821,0.9637435078620911,0.06360660493373871,0.628
1822,0.9637603759765625,0.06357593834400177,0.616
1823,0.9637782573699951,0.0635441243648529,0.604
1824,0.9637956023216248,0.06351236999034882,0.6
1825,0.9638110995292664,0.06348386406898499,0.594
1826,0.9638276696205139,0.06345489621162415,0.603
1827,0.9638441801071167,0.0634237751364708,0.609
1828,0.9638592004776001,0.06339520961046219,0.612
1829,0.9638756513595581,0.06336480379104614,0.605
1830,0.9638941287994385,0.06333261728286743,0.606
1831,0.9639103412628174,0.06330365687608719,0.612
1832,0.9639252424240112,0.0632767453789711,0.605
1833,0.9639426469802856,0.06324771046638489,0.599
1834,0.9639600515365601,0.06321622431278229,0.586
1835,0.9639749526977539,0.06318759173154831,0.589
1836,0.963989794254303,0.06315804272890091,0.602
1837,0.9640056490898132,0.06313043087720871,0.59
1838,0.9640214443206787,0.06310249119997025,0.59
1839,0.9640392661094666,0.06307240575551987,0.585
1840,0.9640563130378723,0.06304340064525604,0.582
1841,0.9640735983848572,0.06301378458738327,0.595
1842,0.9640876054763794,0.0629875510931015,0.587
1843,0.9641045928001404,0.06295714527368546,0.595
1844,0.9641210436820984,0.0629272609949112,0.598
1845,0.9641364812850952,0.0628986656665802,0.599
1846,0.9641529321670532,0.0628681480884552,0.606
1847,0.9641693234443665,0.06283792108297348,0.604
1848,0.96418696641922,0.06280634552240372,0.602
1849,0.9642031192779541,0.06277832388877869,0.605
1850,0.9642204642295837,0.06274818629026413,0.595
1851,0.9642370343208313,0.06271901726722717,0.594
1852,0.9642523527145386,0.06269042938947678,0.583
1853,0.9642691612243652,0.06266094744205475,0.586
1854,0.9642851948738098,0.06263254582881927,0.591
1855,0.9643029570579529,0.06260199844837189,0.594
1856,0.9643164873123169,0.06257543712854385,0.603
1857,0.9643325209617615,0.06254559010267258,0.603
1858,0.964347243309021,0.06251759082078934,0.601
1859,0.9643622040748596,0.06249107047915459,0.597
1860,0.9643778800964355,0.06246199086308479,0.595
1861,0.9643943309783936,0.062432706356048584,0.592
1862,0.964411199092865,0.062402334064245224,0.595
1863,0.9644285440444946,0.06237218156456947,0.598
1864,0.9644432067871094,0.06234375759959221,0.599
1865,0.9644593000411987,0.062314730137586594,0.595
1866,0.964475154876709,0.06228618323802948,0.595
1867,0.9644909501075745,0.06225846707820892,0.597
1868,0.9645062685012817,0.0622306726872921,0.59
1869,0.9645235538482666,0.062202513217926025,0.592
1870,0.9645403027534485,0.062172576785087585,0.593
1871,0.964555561542511,0.06214465945959091,0.603
1872,0.9645705223083496,0.06211624667048454,0.596
1873,0.9645860195159912,0.06208927556872368,0.584
1874,0.9646027088165283,0.06205955520272255,0.589
1875,0.9646166563034058,0.06203395873308182,0.601
1876,0.9646320939064026,0.062005020678043365,0.602
1877,0.9646469950675964,0.06197724863886833,0.585
1878,0.9646626114845276,0.06194933503866196,0.586
1879,0.9646790027618408,0.06191975995898247,0.597
1880,0.9646955728530884,0.061890050768852234,0.606
1881,0.9647119045257568,0.06186164915561676,0.603
1882,0.9647259712219238,0.06183511018753052,0.607
1883,0.9647415280342102,0.061806049197912216,0.602
1884,0.9647573232650757,0.061778195202350616,0.594
1885,0.9647730588912964,0.0617508590221405,0.602
1886,0.9647888541221619,0.06172234192490578,0.578
1887,0.9648040533065796,0.06169695034623146,0.591
1888,0.9648207426071167,0.06166847050189972,0.593
1889,0.9648352265357971,0.06164030358195305,0.582
1890,0.9648513793945312,0.061612121760845184,0.579
1891,0.9648683071136475,0.06158382445573807,0.586
1892,0.9648851156234741,0.06155533716082573,0.584
1893,0.964900553226471,0.06152855232357979,0.568
1894,0.9649156332015991,0.06150149181485176,0.59
1895,0.9649312496185303,0.061473023146390915,0.602
1896,0.964945375919342,0.06144704297184944,0.598
1897,0.9649609327316284,0.061419807374477386,0.601
1898,0.9649772047996521,0.06139085814356804,0.596
1899,0.9649934768676758,0.06136252358555794,0.595
1900,0.9650094509124756,0.06133418530225754,0.611
